"Variables ->","GDP","CORE_INF","S","RS","GDP_RW","RS_RW","D4L_CORE_INF_TAR","CPI_RW","RW","L_CPI_RW","L_CORE_INF","L_GDP","L_GDP_RW","L_L_CPI_RW","L_RW","L_S","L_Z","DLA_CPI_RW","DLA_CORE_INF","DLA_GDP","DLA_GDP_RW","DLA_L_CPI_RW","DLA_RW","DLA_S","DLA_Z","D4L_CPI_RW","D4L_CORE_INF","D4L_GDP","D4L_GDP_RW","D4L_L_CPI_RW","D4L_RW","D4L_S","D4L_Z","RR","RR_RW","RR_BAR","RR_GAP","L_Z_BAR","L_Z_GAP","RR_RW_BAR","RR_RW_GAP","DLA_Z_BAR","L_GDP_GAP","L_GDP_BAR","DLA_GDP_BAR","L_GDP_RW_BAR_PURE","L_GDP_RW_GAP_PURE","L_GDP_RW_BAR","L_GDP_RW_GAP","E_DLA_CORE_INF","MCI","OBS_CORE_INF","OBS_D4L_CORE_INF_TAR","OBS_DLA_CPI_RW","OBS_L_GDP","OBS_L_GDP_RW_GAP","OBS_L_S","OBS_RS","OBS_RS_RW","PREM","RMC","RSNEUTRAL","SHK_D4L_CORE_INF","SHK_D4L_CORE_INF_TAR","SHK_DLA_CORE_INF","SHK_DLA_CPI_RW","SHK_DLA_GDP_BAR","SHK_DLA_Z_BAR","SHK_L_GDP_GAP","SHK_L_GDP_RW_GAP","SHK_L_S","SHK_RR_BAR","SHK_RR_RW_BAR","SHK_RS","SHK_RS_RW","a1","a2","a3","b1","b2","b3","b4","e1","g1","g2","g3","rho_D4L_CORE_INF_TAR","rho_DLA_CPI_RW","rho_DLA_GDP_BAR","rho_DLA_Z_BAR","rho_L_GDP_RW_GAP","rho_RR_BAR","rho_RR_RW_BAR","rho_RS_RW","ss_D4L_CORE_INF_TAR","ss_DLA_CPI_RW","ss_DLA_GDP_BAR","ss_DLA_Z_BAR","ss_RR_BAR","ss_RR_RW_BAR","std_SHK_D4L_CORE_INF","std_SHK_D4L_CORE_INF_TAR","std_SHK_DLA_CORE_INF","std_SHK_DLA_CPI_RW","std_SHK_DLA_GDP_BAR","std_SHK_DLA_Z_BAR","std_SHK_L_GDP_GAP","std_SHK_L_GDP_RW_GAP","std_SHK_L_S","std_SHK_RR_BAR","std_SHK_RR_RW_BAR","std_SHK_RS","std_SHK_RS_RW","ttrend"
"Comments ->"
"Class[Size] ->","Series[48-by-1]","Series[48-by-1]","Series[48-by-1]","Series[48-by-1]","Series[48-by-1]","Series[48-by-1]","Series[48-by-1]","Series[48-by-1]","Series[48-by-1]","Series[48-by-1]","Series[48-by-1]","Series[48-by-1]","Series[48-by-1]","Series[48-by-1]","Series[48-by-1]","Series[48-by-1]","Series[48-by-1]","Series[48-by-1]","Series[48-by-1]","Series[48-by-1]","Series[48-by-1]","Series[48-by-1]","Series[48-by-1]","Series[48-by-1]","Series[48-by-1]","Series[48-by-1]","Series[48-by-1]","Series[48-by-1]","Series[48-by-1]","Series[48-by-1]","Series[48-by-1]","Series[48-by-1]","Series[48-by-1]","Series[48-by-1]","Series[48-by-1]","Series[48-by-1]","Series[48-by-1]","Series[48-by-1]","Series[48-by-1]","Series[48-by-1]","Series[48-by-1]","Series[48-by-1]","Series[48-by-1]","Series[48-by-1]","Series[48-by-1]","Series[48-by-1]","Series[48-by-1]","Series[48-by-1]","Series[48-by-1]","Series[48-by-1]","Series[48-by-1]","Series[48-by-1]","Series[48-by-1]","Series[48-by-1]","Series[48-by-1]","Series[48-by-1]","Series[48-by-1]","Series[48-by-1]","Series[48-by-1]","Series[48-by-1]","Series[48-by-1]","Series[48-by-1]","Series[48-by-1]","Series[48-by-1]","Series[48-by-1]","Series[48-by-1]","Series[48-by-1]","Series[48-by-1]","Series[48-by-1]","Series[48-by-1]","Series[48-by-1]","Series[48-by-1]","Series[48-by-1]","Series[48-by-1]","Series[48-by-1]","double[1-by-1]","double[1-by-1]","double[1-by-1]","double[1-by-1]","double[1-by-1]","double[1-by-1]","double[1-by-1]","double[1-by-1]","double[1-by-1]","double[1-by-1]","double[1-by-1]","double[1-by-1]","double[1-by-1]","double[1-by-1]","double[1-by-1]","double[1-by-1]","double[1-by-1]","double[1-by-1]","double[1-by-1]","double[1-by-1]","double[1-by-1]","double[1-by-1]","double[1-by-1]","double[1-by-1]","double[1-by-1]","double[1-by-1]","double[1-by-1]","double[1-by-1]","double[1-by-1]","double[1-by-1]","double[1-by-1]","double[1-by-1]","double[1-by-1]","double[1-by-1]","double[1-by-1]","double[1-by-1]","double[1-by-1]","double[1-by-1]","Series[48-by-1]"
"2010Q1",NaN,7.22969741e-01,NaN,NaN,NaN,NaN,NaN,NaN,NaN,NaN,NaN,1.21293975e+03,NaN,NaN+0.00000000e+00i,NaN,4.60643716e+02,NaN,NaN,NaN,NaN,NaN,NaN+0.00000000e+00i,NaN,NaN,NaN,NaN,NaN,NaN,NaN,NaN+0.00000000e+00i,NaN,NaN,NaN,NaN,NaN,NaN,NaN,NaN,NaN,NaN,NaN,NaN,NaN,NaN,NaN,NaN,NaN,NaN,NaN,NaN,NaN,NaN,NaN,NaN,NaN,NaN,NaN,NaN,NaN,NaN,NaN,NaN,NaN,NaN,NaN,NaN,NaN,NaN,NaN,NaN,NaN,NaN,NaN,NaN,NaN,6.00000000e-01,5.00000000e-01,5.00000000e-01,3.10000000e-01,3.00000000e-01,5.00000000e-01,3.20000000e-01,4.00000000e-01,8.40000000e-01,1.82000000e+00,5.70000000e-01,5.00000000e-01,8.00000000e-01,8.00000000e-01,8.00000000e-01,8.00000000e-01,8.00000000e-01,8.00000000e-01,8.00000000e-01,1.50000000e+00,1.40680000e+00,3.38740000e+00,7.00000000e-02,1.37290000e+00,-2.62200000e-01,1.00000000e+00,2.00000000e+00,6.91200000e-01,1.48130000e+00,2.20500000e-01,1.00000000e-01,8.82100000e-01,4.23100000e-01,3.62800000e-01,7.00000000e-01,1.80000000e-01,1.52500000e-01,5.37100000e-01,NaN
"2010Q2",NaN,1.13449175e+00,NaN,NaN,NaN,NaN,NaN,NaN,NaN,NaN,NaN,1.21377258e+03,NaN,NaN+0.00000000e+00i,NaN,4.60337809e+02,NaN,NaN,NaN,NaN,NaN,NaN+0.00000000e+00i,NaN,NaN,NaN,NaN,NaN,NaN,NaN,NaN+0.00000000e+00i,NaN,NaN,NaN,NaN,NaN,NaN,NaN,NaN,NaN,NaN,NaN,NaN,NaN,NaN,NaN,NaN,NaN,NaN,NaN,NaN,NaN,NaN,NaN,NaN,NaN,NaN,NaN,NaN,NaN,NaN,NaN,NaN,NaN,NaN,NaN,NaN,NaN,NaN,NaN,NaN,NaN,NaN,NaN,NaN,NaN,NaN,NaN,NaN,NaN,NaN,NaN,NaN,NaN,NaN,NaN,NaN,NaN,NaN,NaN,NaN,NaN,NaN,NaN,NaN,NaN,NaN,NaN,NaN,NaN,NaN,NaN,NaN,NaN,NaN,NaN,NaN,NaN,NaN,NaN,NaN,NaN,NaN,NaN,NaN
"2010Q3",NaN,1.40949911e+00,NaN,NaN,NaN,NaN,NaN,NaN,NaN,NaN,NaN,1.21460623e+03,NaN,NaN+0.00000000e+00i,NaN,4.60083385e+02,NaN,NaN,NaN,NaN,NaN,NaN+0.00000000e+00i,NaN,NaN,NaN,NaN,NaN,NaN,NaN,NaN+0.00000000e+00i,NaN,NaN,NaN,NaN,NaN,NaN,NaN,NaN,NaN,NaN,NaN,NaN,NaN,NaN,NaN,NaN,NaN,NaN,NaN,NaN,NaN,NaN,NaN,NaN,NaN,NaN,NaN,NaN,NaN,NaN,NaN,NaN,NaN,NaN,NaN,NaN,NaN,NaN,NaN,NaN,NaN,NaN,NaN,NaN,NaN,NaN,NaN,NaN,NaN,NaN,NaN,NaN,NaN,NaN,NaN,NaN,NaN,NaN,NaN,NaN,NaN,NaN,NaN,NaN,NaN,NaN,NaN,NaN,NaN,NaN,NaN,NaN,NaN,NaN,NaN,NaN,NaN,NaN,NaN,NaN,NaN,NaN,NaN,NaN
"2010Q4",NaN,1.56764162e+00,NaN,3.45743768e+00,NaN,1.78598083e+00,1.00697634e+00,NaN,NaN,-3.05955510e+02,NaN,1.21546528e+03,NaN,NaN+0.00000000e+00i,NaN,4.60054429e+02,1.52531277e+02,1.30218321e+00,6.32570059e-01,NaN,NaN,NaN+0.00000000e+00i,NaN,NaN,NaN,NaN,NaN,NaN,NaN,NaN+0.00000000e+00i,NaN,NaN,NaN,NaN,NaN,1.60609126e+00,NaN,1.53424232e+02,NaN,4.93150576e-02,NaN,8.69147397e-02,2.91699678e-01,1.21517358e+03,3.49829393e+00,NaN,NaN,NaN,1.36862892e+00,NaN,NaN,NaN,NaN,NaN,NaN,NaN,NaN,NaN,NaN,NaN,NaN,NaN,NaN,NaN,NaN,NaN,NaN,NaN,NaN,NaN,NaN,NaN,NaN,NaN,NaN,NaN,NaN,NaN,NaN,NaN,NaN,NaN,NaN,NaN,NaN,NaN,NaN,NaN,NaN,NaN,NaN,NaN,NaN,NaN,NaN,NaN,NaN,NaN,NaN,NaN,NaN,NaN,NaN,NaN,NaN,NaN,NaN,NaN,NaN,NaN,NaN,NaN,NaN,NaN
"2011Q1",1.91543330e+05,1.67000000e+00,9.99000000e+01,3.25000000e+00,2.42337324e+06,1.75000000e+00,1.50000000e+00,1.87000000e+00,1.87726758e+00,-3.05698346e+02,5.12823626e+01,1.21628693e+03,1.47006710e+03,-4.68503266e+01+0.00000000e+00i,6.29817305e+01,4.60416969e+02,1.53048623e+02,1.02865603e+00,4.09433517e-01,3.28659751e+00,NaN,0.00000000e+00+NaNi,NaN,1.45016034e+00,2.06938285e+00,NaN,9.47030259e-01,3.34717865e+00,NaN,0.00000000e+00+NaNi,NaN,-2.26747368e-01,NaN,2.49994626e+00,7.21343974e-01,1.67482942e+00,8.25116836e-01,1.53447052e+02,-3.98429112e-01,1.18476540e-01,6.02867434e-01,9.12793507e-02,2.31844700e-01,1.21605509e+03,3.52601742e+00,1.46861410e+03,1.45299961e+00,1.46832878e+03,1.73832075e+00,8.58181975e-01,5.34969184e-01,1.67000000e+00,1.50000000e+00,1.02865603e+00,1.21628693e+03,1.73832075e+00,4.60416969e+02,3.25000000e+00,1.75000000e+00,1.46932940e+00,-8.32922063e-02,2.42488316e+00,0.00000000e+00,2.46511829e-01,-2.71735205e-01,-2.94450544e-01,4.99022705e-02,7.74755891e-03,-5.67251820e-01,6.43417618e-01,6.23667026e-03,1.15376412e-01,1.31464494e-01,4.67466927e-03,9.17888223e-02,NaN,NaN,NaN,NaN,NaN,NaN,NaN,NaN,NaN,NaN,NaN,NaN,NaN,NaN,NaN,NaN,NaN,NaN,NaN,NaN,NaN,NaN,NaN,NaN,NaN,NaN,NaN,NaN,NaN,NaN,NaN,NaN,NaN,NaN,NaN,NaN,NaN,NaN,-3.60000000e+01
"2011Q2",1.95314330e+05,1.83000000e+00,1.00440000e+02,3.25000000e+00,2.42276374e+06,2.00000000e+00,1.50000000e+00,2.17000000e+00,2.19717871e+00,-3.05549557e+02,6.04315967e+01,1.21823655e+03,1.47004195e+03,-2.55244353e+01+0.00000000e+00i,7.87174135e+01,4.60956053e+02,1.53576496e+02,5.95154947e-01,6.40000000e-01,7.79848000e+00,-1.00616224e-01,8.53035650e+01+0.00000000e+00i,6.29427321e+01,2.15633600e+00,2.11149095e+00,NaN,6.95508250e-01,4.46396946e+00,NaN,0.00000000e+00+NaNi,NaN,6.18244272e-01,NaN,2.51246499e+00,1.40484505e+00,1.79547475e+00,7.16990231e-01,1.53471237e+02,1.05259100e-01,2.03464812e-01,1.20138024e+00,9.67380973e-02,1.29129676e+00,1.21694525e+03,3.56067177e+00,1.46875072e+03,1.29122470e+00,1.46847630e+03,1.56564663e+00,1.26813648e+00,1.57860686e-01,1.83000000e+00,1.50000000e+00,5.95154947e-01,1.21823655e+03,1.56564663e+00,4.60956053e+02,3.25000000e+00,2.00000000e+00,1.50061946e+00,6.98277928e-01,2.53300977e+00,0.00000000e+00,1.35724765e-14,-4.62053667e-01,-5.09129874e-01,6.23778382e-02,9.71461680e-03,4.83959790e-01,1.74990030e-01,5.02359390e-02,1.81031218e-01,1.61123580e-01,7.67267070e-04,4.40276048e-01,NaN,NaN,NaN,NaN,NaN,NaN,NaN,NaN,NaN,NaN,NaN,NaN,NaN,NaN,NaN,NaN,NaN,NaN,NaN,NaN,NaN,NaN,NaN,NaN,NaN,NaN,NaN,NaN,NaN,NaN,NaN,NaN,NaN,NaN,NaN,NaN,NaN,NaN,-3.50000000e+01
"2011Q3",1.95477340e+05,1.93000000e+00,1.00250000e+02,3.25000000e+00,2.42629700e+06,2.25000000e+00,1.50000000e+00,2.40000000e+00,2.39965093e+00,-3.05448816e+02,6.57520003e+01,1.21831997e+03,1.47018768e+03,-1.32995836e+01+0.00000000e+00i,8.75323283e+01,4.60766707e+02,1.53387891e+02,4.02966279e-01,4.00000000e-01,3.33680000e-01,5.82918765e-01,4.88994069e+01+0.00000000e+00i,3.52596591e+01,-7.57384000e-01,-7.54417721e-01,NaN,5.20500894e-01,3.71374040e+00,NaN,0.00000000e+00+NaNi,NaN,6.83322461e-01,NaN,2.62709094e+00,1.84703372e+00,1.84412985e+00,7.82961097e-01,1.53497270e+02,-1.09378658e-01,3.03389876e-01,1.54364385e+00,1.04133312e-01,4.76679507e-01,1.21784329e+03,3.59214900e+00,1.46888825e+03,1.29942541e+00,1.46862491e+03,1.56276981e+00,1.04220270e+00,3.24925039e-01,1.93000000e+00,1.50000000e+00,4.02966279e-01,1.21831997e+03,1.56276981e+00,4.60766707e+02,3.25000000e+00,2.25000000e+00,1.44343332e+00,1.83650424e-01,2.46703890e+00,0.00000000e+00,1.53210777e-14,-4.92706294e-01,-3.54517679e-01,6.61315795e-02,1.27428343e-02,-6.07529881e-01,3.10252506e-01,-4.51971262e-01,1.33170045e-01,1.93058026e-01,1.02424778e-01,5.08728769e-01,NaN,NaN,NaN,NaN,NaN,NaN,NaN,NaN,NaN,NaN,NaN,NaN,NaN,NaN,NaN,NaN,NaN,NaN,NaN,NaN,NaN,NaN,NaN,NaN,NaN,NaN,NaN,NaN,NaN,NaN,NaN,NaN,NaN,NaN,NaN,NaN,NaN,NaN,-3.40000000e+01
"2011Q4",1.98876850e+05,1.60000000e+00,1.00400000e+02,3.25000000e+00,2.41633633e+06,1.75000000e+00,1.50000000e+00,2.67000000e+00,2.62200714e+00,-3.05342206e+02,4.70003629e+01,1.22004411e+03,1.46977630e+03,-1.80840630e+00+0.00000000e+00i,9.63940107e+01,4.60916221e+02,1.53974015e+02,4.26438940e-01,-1.32000000e+00,6.89656000e+00,-1.64549878e+00,4.59647093e+01+0.00000000e+00i,3.54467296e+01,5.98056000e-01,2.34449494e+00,NaN,3.23583793e-02,4.57882938e+00,NaN,0.00000000e+00+NaNi,NaN,8.61792085e-01,NaN,3.32071620e+00,1.32356106e+00,2.34100249e+00,9.79713707e-01,1.53527537e+02,4.46477989e-01,3.62653611e-01,9.60907449e-01,1.21068352e-01,1.29098114e+00,1.21875313e+03,3.63935345e+00,1.46902841e+03,7.47898474e-01,1.46877667e+03,9.99637162e-01,-2.86479357e-03,9.90335378e-03,1.60000000e+00,1.50000000e+00,4.26438940e-01,1.22004411e+03,9.99637162e-01,4.60916221e+02,3.25000000e+00,1.75000000e+00,1.86749420e+00,8.68729567e-01,2.27028629e+00,0.00000000e+00,8.88178420e-16,-1.99321887e+00,-1.77294083e-01,8.81542507e-02,2.37617022e-02,6.46362923e-01,-2.50578686e-01,-2.12815689e-01,5.91118613e-01,1.72381711e-01,1.82506164e-01,-2.07818510e-01,NaN,NaN,NaN,NaN,NaN,NaN,NaN,NaN,NaN,NaN,NaN,NaN,NaN,NaN,NaN,NaN,NaN,NaN,NaN,NaN,NaN,NaN,NaN,NaN,NaN,NaN,NaN,NaN,NaN,NaN,NaN,NaN,NaN,NaN,NaN,NaN,NaN,NaN,-3.30000000e+01
"2012Q1",1.95824320e+05,1.27000000e+00,9.96200000e+01,3.00000000e+00,2.41111436e+06,1.75000000e+00,1.50000000e+00,2.80000000e+00,2.81487886e+00,-3.05294665e+02,2.39016900e+01,1.21849732e+03,1.46955996e+03,2.91892361e+00+0.00000000e+00i,1.03491923e+02,4.60136295e+02,1.53571630e+02,1.90163779e-01,-1.32000000e+00,-6.18716000e+00,-8.65379658e-01,1.89093196e+01+0.00000000e+00i,2.83916485e+01,-3.11970400e+00,-1.60954022e+00,4.03680986e-01,-4.00000000e-01,2.21039000e+00,-5.07143974e-01,4.97692502e+01+0.00000000e+00i,4.05101923e+01,-2.80674000e-01,2.75036798e+01,3.62527970e+00,1.55983622e+00,2.35195336e+00,1.27332634e+00,1.53563233e+02,8.39720747e-03,4.38215522e-01,1.12162070e+00,1.42782904e-01,-1.17715214e+00,1.21967447e+03,3.68537315e+00,1.46917371e+03,3.86250768e-01,1.46893462e+03,6.25341159e-01,-2.61118808e-01,4.01754328e-01,1.27000000e+00,1.50000000e+00,1.90163779e-01,1.21849732e+03,6.25341159e-01,4.60136295e+02,3.00000000e+00,1.75000000e+00,1.78551151e+00,-5.84377468e-01,1.72667366e+00,0.00000000e+00,-6.10622664e-16,-1.31363743e-01,-4.32347373e-01,9.64103926e-02,3.19282225e-02,-1.76950058e+00,-1.74368571e-01,-9.45348872e-01,2.04571367e-01,2.00532633e-01,2.60255052e-01,2.24324140e-01,NaN,NaN,NaN,NaN,NaN,NaN,NaN,NaN,NaN,NaN,NaN,NaN,NaN,NaN,NaN,NaN,NaN,NaN,NaN,NaN,NaN,NaN,NaN,NaN,NaN,NaN,NaN,NaN,NaN,NaN,NaN,NaN,NaN,NaN,NaN,NaN,NaN,NaN,-3.20000000e+01
"2012Q2",2.00141880e+05,7.00000000e-01,9.97800000e+01,3.00000000e+00,2.40469097e+06,1.75000000e+00,1.50000000e+00,2.73000000e+00,2.77158143e+00,-3.05319983e+02,-3.56674944e+01,1.22067818e+03,1.46929320e+03,4.29238372e-01+0.00000000e+00i,1.01941807e+02,4.60296776e+02,1.54276793e+02,-1.01271232e-01,-2.28000000e+00,8.72344000e+00,-1.06705207e+00,-9.95874094e+00+0.00000000e+00i,-6.20046356e+00,6.41924000e-01,2.82065277e+00,2.29574442e-01,-1.13000000e+00,2.44163000e+00,-7.48752936e-01,2.59536737e+01+0.00000000e+00i,2.32243934e+01,-6.59277000e-01,9.56693883e+01,4.36913604e+00,1.85127123e+00,2.91561617e+00,1.45351987e+00,1.53608343e+02,6.68450424e-01,4.40575698e-01,1.41069553e+00,1.80439900e-01,6.34650782e-02,1.22061471e+03,3.76097112e+00,1.46932716e+03,-3.39603051e-02,1.46910243e+03,1.90767428e-01,-5.56544157e-01,1.05800707e-02,7.00000000e-01,1.50000000e+00,-1.01271232e-01,1.22067818e+03,1.90767428e-01,4.60296776e+02,3.00000000e+00,1.75000000e+00,2.31668855e+00,3.65957751e-01,1.54648013e+00,0.00000000e+00,-8.88178420e-16,-1.44836121e+00,-5.34762255e-01,1.35192594e-01,5.22135767e-02,3.36172550e-01,-3.09505499e-01,-7.31902782e-01,7.59473478e-01,1.42443280e-01,3.85230529e-01,2.82139107e-01,NaN,NaN,NaN,NaN,NaN,NaN,NaN,NaN,NaN,NaN,NaN,NaN,NaN,NaN,NaN,NaN,NaN,NaN,NaN,NaN,NaN,NaN,NaN,NaN,NaN,NaN,NaN,NaN,NaN,NaN,NaN,NaN,NaN,NaN,NaN,NaN,NaN,NaN,-3.10000000e+01
"2012Q3",2.02365590e+05,5.00000000e-01,9.94500000e+01,3.00000000e+00,2.40219497e+06,1.50000000e+00,1.50000000e+00,2.70000000e+00,2.69654975e+00,-3.05331033e+02,-6.93147181e+01,1.22178312e+03,1.46918934e+03,-6.77109923e-01+0.00000000e+00i,9.91973084e+01,4.59965501e+02,1.54134468e+02,-4.41993447e-02,-8.00000000e-01,4.41976000e+00,-4.15404111e-01,-4.42539318e+00+0.00000000e+00i,-1.09779940e+01,-1.32510000e+00,-5.69299345e-01,1.17783036e-01,-1.43000000e+00,3.46315000e+00,-9.98333655e-01,1.26224737e+01+0.00000000e+00i,1.16649801e+01,-8.01206000e-01,1.34383295e+02,4.03266701e+00,1.54419934e+00,2.76655482e+00,1.26611219e+00,1.53664801e+02,4.69667113e-01,4.05861962e-01,1.13833738e+00,2.25833903e-01,2.14688029e-01,1.22156843e+03,3.81486820e+00,1.46949199e+03,-3.02640776e-01,1.46928416e+03,-9.48112601e-02,2.69331940e-01,8.57822656e-02,5.00000000e-01,1.50000000e+00,-4.41993447e-02,1.22178312e+03,-9.48112601e-02,4.59965501e+02,3.00000000e+00,1.50000000e+00,2.16602574e+00,3.42177571e-01,1.73388781e+00,0.00000000e+00,8.88178420e-15,2.89178438e-01,-2.44542359e-01,1.28611305e-01,6.74819828e-02,2.68154164e-01,-2.47425203e-01,-7.59959963e-01,1.59481888e-01,1.05841404e-01,2.84962147e-01,2.76674764e-02,NaN,NaN,NaN,NaN,NaN,NaN,NaN,NaN,NaN,NaN,NaN,NaN,NaN,NaN,NaN,NaN,NaN,NaN,NaN,NaN,NaN,NaN,NaN,NaN,NaN,NaN,NaN,NaN,NaN,NaN,NaN,NaN,NaN,NaN,NaN,NaN,NaN,NaN,-3.00000000e+01
"2012Q4",2.06394230e+05,8.70000000e-01,1.00150000e+02,3.00000000e+00,2.39160423e+06,1.50000000e+00,1.50000000e+00,2.53000000e+00,2.48591387e+00,-3.05396065e+02,-1.39262067e+01,1.22375434e+03,1.46874749e+03,-7.44872565e+00+0.00000000e+00i,9.10640346e+01,4.60666906e+02,1.54400841e+02,-2.60129881e-01,1.48000000e+00,7.88488000e+00,-1.76740940e+00,-2.70864629e+01+0.00000000e+00i,-3.25330954e+01,2.80562000e+00,1.06549012e+00,-5.38591697e-02,-7.30000000e-01,3.71023000e+00,-1.02881131e+00,-5.64031935e+00+0.00000000e+00i,-5.32997612e+00,-2.49315000e-01,6.06233960e+01,2.96280854e+00,1.76012988e+00,2.40078404e+00,5.62024493e-01,1.53733962e+02,6.66878924e-01,3.35030387e-01,1.42509949e+00,2.76642873e-01,1.22588440e+00,1.22252846e+03,3.84009451e+00,1.46967141e+03,-9.23918857e-01,1.46948398e+03,-7.36484770e-01,1.74876585e+00,-2.73629830e-01,8.70000000e-01,1.50000000e+00,-2.60129881e-01,1.22375434e+03,-7.36484770e-01,4.60666906e+02,3.00000000e+00,1.50000000e+00,1.83043936e+00,9.46381663e-01,2.43797551e+00,0.00000000e+00,3.55271368e-15,7.87302828e-01,-5.06130405e-01,1.10719951e-01,8.19757509e-02,1.44548455e+00,-6.60635762e-01,-7.33282901e-02,-8.70398129e-02,6.27808166e-02,-4.23309169e-02,2.85019899e-01,NaN,NaN,NaN,NaN,NaN,NaN,NaN,NaN,NaN,NaN,NaN,NaN,NaN,NaN,NaN,NaN,NaN,NaN,NaN,NaN,NaN,NaN,NaN,NaN,NaN,NaN,NaN,NaN,NaN,NaN,NaN,NaN,NaN,NaN,NaN,NaN,NaN,NaN,-2.90000000e+01
"2013Q1",2.05417990e+05,1.10000000e+00,1.00860000e+02,3.00000000e+00,2.38330010e+06,1.50000000e+00,1.50000000e+00,2.37000000e+00,2.37638631e+00,-3.05461394e+02,9.53101798e+00,1.22328022e+03,1.46839967e+03,-1.47468110e+01+0.00000000e+00i,8.65580978e+01,4.61373342e+02,1.54811948e+02,-2.61317390e-01,9.20000000e-01,-1.89648000e+00,-1.39129713e+00,-2.91923415e+01+0.00000000e+00i,-1.80237471e+01,2.82574400e+00,1.64442661e+00,-1.66729462e-01,-1.70000000e-01,4.78290000e+00,-1.16029068e+00,-1.76657346e+01+0.00000000e+00i,-1.69338250e+01,1.23704700e+00,1.54409895e+01,2.28621325e+00,1.76131739e+00,2.30809759e+00,-2.18843474e-02,1.53813867e+02,9.98080236e-01,2.76220262e-01,1.48509713e+00,3.19621364e-01,-2.00946639e-01,1.22348117e+03,3.81084416e+00,1.46986846e+03,-1.46879091e+00,1.46970601e+03,-1.30634101e+00,1.25514702e+00,-6.85697551e-01,1.10000000e+00,1.50000000e+00,-2.61317390e-01,1.22328022e+03,-1.30634101e+00,4.61373342e+02,3.00000000e+00,1.50000000e+00,1.76218024e+00,3.98566799e-01,3.02188435e+00,0.00000000e+00,1.42108547e-14,-6.69342206e-01,-3.34573485e-01,6.12885563e-02,8.43070652e-02,-1.33509564e-01,-7.17153194e-01,-4.11398331e-02,1.12890358e-01,6.06359527e-02,5.51048209e-02,2.97019426e-01,NaN,NaN,NaN,NaN,NaN,NaN,NaN,NaN,NaN,NaN,NaN,NaN,NaN,NaN,NaN,NaN,NaN,NaN,NaN,NaN,NaN,NaN,NaN,NaN,NaN,NaN,NaN,NaN,NaN,NaN,NaN,NaN,NaN,NaN,NaN,NaN,NaN,NaN,-2.80000000e+01
"2013Q2",2.10136840e+05,1.70000000e+00,1.01120000e+02,3.00000000e+00,2.39616548e+06,1.00000000e+00,1.50000000e+00,2.10000000e+00,2.12673486e+00,-3.05582347e+02,5.30628251e+01,1.22555142e+03,1.46893803e+03,-2.98490480e+01+0.00000000e+00i,7.54587873e+01,4.61630793e+02,1.54348446e+02,-4.83810442e-01,2.40000000e+00,9.08480000e+00,2.15344764e+00,-6.04089480e+01+0.00000000e+00i,-4.43972419e+01,1.02980400e+00,-1.85400644e+00,-2.62364264e-01,1.00000000e+00,4.87324000e+00,-3.55165752e-01,-3.02782864e+01+0.00000000e+00i,-2.64830196e+01,1.33401700e+00,-8.76586670e+01,1.30280758e+00,1.48381044e+00,2.08550977e+00,-7.82702186e-01,1.53902152e+02,4.46294402e-01,2.32425530e-01,1.25138491e+00,3.53136893e-01,1.13269681e+00,1.22441872e+03,3.75022622e+00,1.47008558e+03,-1.14754710e+00,1.46995391e+03,-1.01587884e+00,1.98876968e+00,-5.53944893e-01,1.70000000e+00,1.50000000e+00,-4.83810442e-01,1.22555142e+03,-1.01587884e+00,4.61630793e+02,3.00000000e+00,1.00000000e+00,1.55657472e+00,7.89495604e-01,3.78270219e+00,0.00000000e+00,6.99440506e-15,6.57744325e-01,-5.56116530e-01,2.40708872e-02,8.34398025e-02,1.53674622e+00,2.91939680e-02,9.70026044e-02,-3.55483091e-02,6.38893208e-02,-1.80453991e-01,-1.49723018e-01,NaN,NaN,NaN,NaN,NaN,NaN,NaN,NaN,NaN,NaN,NaN,NaN,NaN,NaN,NaN,NaN,NaN,NaN,NaN,NaN,NaN,NaN,NaN,NaN,NaN,NaN,NaN,NaN,NaN,NaN,NaN,NaN,NaN,NaN,NaN,NaN,NaN,NaN,-2.70000000e+01
"2013Q3",2.11599970e+05,1.63000000e+00,1.02310000e+02,3.00000000e+00,2.40311827e+06,1.00000000e+00,1.50000000e+00,1.83000000e+00,1.83370248e+00,-3.05719968e+02,4.88580015e+01,1.22624528e+03,1.46922777e+03,-5.03658094e+01+0.00000000e+00i,6.06337137e+01,4.62800742e+02,1.55450774e+02,-5.50485512e-01,-2.80000000e-01,2.77544000e+00,1.15897208e+00,-8.20670454e+01+0.00000000e+00i,-5.93002944e+01,4.67979600e+00,4.40931049e+00,-3.88935806e-01,1.13000000e+00,4.46216000e+00,3.84282966e-02,-4.96886995e+01+0.00000000e+00i,-3.85635947e+01,2.83524100e+00,-1.15726414e+02,2.09783016e+00,1.55048551e+00,2.67410466e+00,-5.76274501e-01,1.53996910e+02,1.45386373e+00,2.13029500e-01,1.33745601e+00,3.79033181e-01,9.15175988e-01,1.22533010e+03,3.64552328e+00,1.47032430e+03,-1.09652282e+00,1.47023052e+03,-1.00274387e+00,5.68679374e-01,-1.17303518e+00,1.63000000e+00,1.50000000e+00,-5.50485512e-01,1.22624528e+03,-1.00274387e+00,4.62800742e+02,3.00000000e+00,1.00000000e+00,2.14384861e+00,1.18451986e+00,3.57627450e+00,0.00000000e+00,1.24344979e-14,-2.53973168e+00,-4.44797158e-01,-3.21376985e-02,8.25236660e-02,7.13501360e-01,-1.90040798e-01,3.37722217e-01,7.31116846e-01,7.95290753e-02,-2.72136497e-02,2.67491202e-01,NaN,NaN,NaN,NaN,NaN,NaN,NaN,NaN,NaN,NaN,NaN,NaN,NaN,NaN,NaN,NaN,NaN,NaN,NaN,NaN,NaN,NaN,NaN,NaN,NaN,NaN,NaN,NaN,NaN,NaN,NaN,NaN,NaN,NaN,NaN,NaN,NaN,NaN,-2.60000000e+01
"2013Q4",2.14068960e+05,1.50000000e+00,1.02920000e+02,3.00000000e+00,2.41015812e+06,7.50000000e-01,1.50000000e+00,1.47000000e+00,1.45381557e+00,-3.05939022e+02,4.05465108e+01,1.22740535e+03,1.46952029e+03,-9.53830616e+01+0.00000000e+00i,3.74191525e+01,4.63395199e+02,1.55956177e+02,-8.76214264e-01,-5.20000000e-01,4.64028000e+00,1.17007285e+00,-1.80069009e+02+0.00000000e+00i,-9.28582448e+01,2.37782800e+00,2.02161374e+00,-5.42956902e-01,6.30000000e-01,3.65101000e+00,7.72798860e-01,-8.79343360e+01+0.00000000e+00i,-5.36448820e+01,2.72829300e+00,-5.22873819e+01,2.46694980e+00,1.62621426e+00,3.04624095e+00,-5.79291142e-01,1.54095571e+02,1.86060619e+00,2.36098386e-01,1.39011588e+00,3.94643873e-01,1.19435300e+00,1.22621100e+03,3.52357196e+00,1.47058543e+03,-1.06513708e+00,1.47053804e+03,-1.01774763e+00,5.32200784e-01,-1.45058538e+00,1.50000000e+00,1.50000000e+00,-8.76214264e-01,1.22740535e+03,-1.01774763e+00,4.63395199e+02,3.00000000e+00,7.50000000e-01,2.48042746e+00,1.52747960e+00,3.57929114e+00,0.00000000e+00,7.99360578e-15,-1.32862011e+00,-7.17185854e-01,-7.03266603e-02,7.74173281e-02,9.84346644e-01,-2.15552534e-01,1.27184863e-01,6.32377220e-01,1.18114787e-01,-5.24564028e-02,7.80231755e-02,NaN,NaN,NaN,NaN,NaN,NaN,NaN,NaN,NaN,NaN,NaN,NaN,NaN,NaN,NaN,NaN,NaN,NaN,NaN,NaN,NaN,NaN,NaN,NaN,NaN,NaN,NaN,NaN,NaN,NaN,NaN,NaN,NaN,NaN,NaN,NaN,NaN,NaN,-2.50000000e+01
"2014Q1",2.10937780e+05,1.23000000e+00,1.03590000e+02,3.00000000e+00,2.41989718e+06,7.50000000e-01,1.50000000e+00,1.13000000e+00,1.12623285e+00,-3.06202067e+02,2.07014169e+01,1.22593185e+03,1.46992356e+03,-2.10195195e+02+0.00000000e+00i,1.18878302e+01,4.64044080e+02,1.56612013e+02,-1.05217907e+00,-1.08000000e+00,-5.89400000e+00,1.61307854e+00,-4.59248533e+02+0.00000000e+00i,-1.02125289e+02,2.59552400e+00,2.62334493e+00,-7.40672322e-01,1.30000000e-01,2.65163000e+00,1.52389278e+00,-1.95448384e+02+0.00000000e+00i,-7.46702676e+01,2.67073800e+00,-9.24033294e+00,3.40819441e+00,1.80217907e+00,3.66804636e+00,-2.59851952e-01,1.54198357e+02,2.41365664e+00,2.83750763e-01,1.51842831e+00,4.11143137e-01,-1.13206738e+00,1.22706392e+03,3.41168151e+00,1.47086910e+03,-9.45541403e-01,1.47087805e+03,-9.54492769e-01,2.47222354e-01,-1.72443914e+00,1.23000000e+00,1.50000000e+00,-1.05217907e+00,1.22593185e+03,-9.54492769e-01,4.64044080e+02,3.00000000e+00,7.50000000e-01,3.04138109e+00,6.40794632e-01,3.25985195e+00,0.00000000e+00,1.33226763e-14,-1.18728626e+00,-6.32567659e-01,-8.46560582e-02,8.14280391e-02,-1.54240217e+00,-1.40294665e-01,-5.28047460e-02,9.56473607e-01,1.47312054e-01,2.00082637e-01,3.03685661e-01,NaN,NaN,NaN,NaN,NaN,NaN,NaN,NaN,NaN,NaN,NaN,NaN,NaN,NaN,NaN,NaN,NaN,NaN,NaN,NaN,NaN,NaN,NaN,NaN,NaN,NaN,NaN,NaN,NaN,NaN,NaN,NaN,NaN,NaN,NaN,NaN,NaN,NaN,-2.40000000e+01
"2014Q2",2.16030130e+05,1.10000000e+00,1.03050000e+02,3.00000000e+00,2.42517556e+06,4.00000000e-01,1.50000000e+00,9.00000000e-01,9.05559402e-01,-3.06429645e+02,9.53101798e+00,1.22831732e+03,1.47014145e+03,-2.25036733e+02+3.14159265e+02i,-9.92024025e+00,4.63521431e+02,1.55991786e+02,-9.10312594e-01,-5.20000000e-01,9.54188000e+00,8.71546393e-01,-5.93661515e+01+1.25663706e+03i,-8.72322818e+01,-2.09059600e+00,-2.48090859e+00,-8.47297860e-01,-6.00000000e-01,2.76590000e+00,1.20341747e+00,-1.95187685e+02+3.14159265e+02i,-8.53790276e+01,1.89063800e+00,4.45751470e+01,3.43480284e+00,1.31031259e+00,3.47218007e+00,-3.73772342e-02,1.54306766e+02,1.68502070e+00,3.59704427e-01,9.50608167e-01,4.33635196e-01,4.16265546e-01,1.22790105e+03,3.34854830e+00,1.47117478e+03,-1.03333231e+00,1.47125150e+03,-1.11005656e+00,3.80788649e-01,-1.15777479e+00,1.10000000e+00,1.50000000e+00,-9.10312594e-01,1.22831732e+03,-1.11005656e+00,4.63521431e+02,3.00000000e+00,4.00000000e-01,2.75156749e+00,1.05064312e+00,3.03737723e+00,0.00000000e+00,7.99360578e-15,-5.49637020e-01,-3.49929338e-01,-5.82769088e-02,9.07206866e-02,9.74902277e-01,-3.46462345e-01,-3.58939881e-01,2.63162981e-01,1.85143817e-01,1.42118446e-01,-8.98783667e-02,NaN,NaN,NaN,NaN,NaN,NaN,NaN,NaN,NaN,NaN,NaN,NaN,NaN,NaN,NaN,NaN,NaN,NaN,NaN,NaN,NaN,NaN,NaN,NaN,NaN,NaN,NaN,NaN,NaN,NaN,NaN,NaN,NaN,NaN,NaN,NaN,NaN,NaN,-2.30000000e+01
"2014Q3",2.17749530e+05,1.10000000e+00,1.02670000e+02,2.94000000e+00,2.43650274e+06,3.00000000e-01,1.50000000e+00,6.70000000e-01,6.74675879e-01,-3.06724762e+02,9.53101798e+00,1.22911007e+03,1.47060743e+03,-9.15097528e+01+3.14159265e+02i,-3.93522882e+01,4.63151996e+02,1.55327234e+02,-1.18046820e+00,-2.14063103e-13,3.17100000e+00,1.86391609e+00,5.34107920e+02+0.00000000e+00i,-1.17728192e+02,-1.47774000e+00,-2.65820820e+00,-1.00479353e+00,-5.30000000e-01,2.86479000e+00,1.37965347e+00,-4.11439434e+01+3.14159265e+02i,-9.99860019e+01,3.51254000e-01,3.86734441e+01,3.23998877e+00,1.48046820e+00,3.21847054e+00,2.15182222e-02,1.54424155e+02,9.03079337e-01,4.33031286e-01,1.04743691e+00,4.69557233e-01,3.85975663e-01,1.22872409e+03,3.29215953e+00,1.47150133e+03,-8.93905412e-01,1.47165874e+03,-1.05130976e+00,4.00044936e-01,-6.07208118e-01,1.10000000e+00,1.50000000e+00,-1.18046820e+00,1.22911007e+03,-1.05130976e+00,4.63151996e+02,2.94000000e+00,3.00000000e-01,2.39579347e+00,6.44527500e-01,2.91848178e+00,0.00000000e+00,2.22044605e-14,-1.70281724e-01,-7.33578125e-01,-6.41591094e-02,1.08649076e-01,6.00425789e-01,-1.63264512e-01,-3.14032206e-01,1.66146486e-01,1.97707744e-01,1.61388482e-01,1.29487383e-01,NaN,NaN,NaN,NaN,NaN,NaN,NaN,NaN,NaN,NaN,NaN,NaN,NaN,NaN,NaN,NaN,NaN,NaN,NaN,NaN,NaN,NaN,NaN,NaN,NaN,NaN,NaN,NaN,NaN,NaN,NaN,NaN,NaN,NaN,NaN,NaN,NaN,NaN,-2.20000000e+01
"2014Q4",2.19009580e+05,1.05000000e+00,1.02600000e+02,2.62000000e+00,2.44550272e+06,3.00000000e-01,1.50000000e+00,5.00000000e-01,4.99987895e-01,-3.07017431e+02,4.87901642e+00,1.22968708e+03,1.47097613e+03,-3.66512921e+01+3.14159265e+02i,-6.93171390e+01,4.63083793e+02,1.55016362e+02,-1.17067846e+00,-2.00000000e-01,2.30804000e+00,1.47480215e+00,2.19433843e+02+0.00000000e+00i,-1.19859403e+02,-2.72812000e-01,-1.24349046e+00,-1.07840958e+00,-4.50000000e-01,2.28173000e+00,1.45583579e+00,5.87317696e+01+3.14159265e+02i,-1.06736292e+02,-3.11406000e-01,3.42776793e+01,2.77669839e+00,1.47067846e+00,2.64772499e+00,1.28973398e-01,1.54553327e+02,4.63034545e-01,5.12790314e-01,9.57888146e-01,5.16688708e-01,1.50584472e-01,1.22953650e+03,3.24960477e+00,1.47184698e+03,-8.70856885e-01,1.47209940e+03,-1.12327575e+00,9.32064590e-02,-2.73592003e-01,1.05000000e+00,1.50000000e+00,-1.17067846e+00,1.22968708e+03,-1.12327575e+00,4.63083793e+02,2.62000000e+00,3.00000000e-01,1.70758371e+00,3.06809508e-01,2.49102660e+00,0.00000000e+00,1.15463195e-14,-3.90687338e-01,-5.07663900e-01,-6.16028572e-02,1.27042921e-01,5.10492290e-01,-2.82227942e-01,-2.10076370e-01,-2.01631447e-01,2.18805285e-01,2.48967922e-02,1.91577629e-01,NaN,NaN,NaN,NaN,NaN,NaN,NaN,NaN,NaN,NaN,NaN,NaN,NaN,NaN,NaN,NaN,NaN,NaN,NaN,NaN,NaN,NaN,NaN,NaN,NaN,NaN,NaN,NaN,NaN,NaN,NaN,NaN,NaN,NaN,NaN,NaN,NaN,NaN,-2.10000000e+01
"2015Q1",2.20599640e+05,1.33000000e+00,1.01850000e+02,2.50000000e+00,2.46201288e+06,3.00000000e-01,1.50000000e+00,2.30000000e-01,2.27390161e-01,-3.07793960e+02,2.85178942e+01,1.23041048e+03,1.47164898e+03,3.85041948e+01+3.14159265e+02i,-1.48108796e+02,4.62350114e+02,1.53226154e+02,-3.10611516e+00,1.12000000e+00,2.89360000e+00,2.69141841e+00,3.00621947e+02+0.00000000e+00i,-3.15166630e+02,-2.93471600e+00,-7.16083116e+00,-1.59189360e+00,1.00000000e-01,4.47863000e+00,1.72542076e+00,2.48699390e+02+3.14159265e+02i,-1.59996627e+02,-1.69396600e+00,-1.11023366e+01,2.20843554e+00,3.40611516e+00,2.44656286e+00,-2.38127314e-01,1.54696665e+02,-1.47051163e+00,5.96593256e-01,2.80952190e+00,5.73353549e-01,6.96564930e-02,1.23034082e+03,3.21731191e+00,1.47220940e+03,-5.60420741e-01,1.47257250e+03,-9.23517361e-01,2.46257836e-01,9.23747169e-01,1.33000000e+00,1.50000000e+00,-3.10611516e+00,1.23041048e+03,-9.23517361e-01,4.62350114e+02,2.50000000e+00,3.00000000e-01,1.37728676e+00,-7.00427570e-01,2.73812731e+00,0.00000000e+00,1.11022302e-14,1.49171065e+00,-2.45093239e+00,-5.98518984e-02,1.46002583e-01,7.61858138e-01,-2.48967610e-02,-9.55446340e-01,5.38028653e-02,2.38801005e-01,2.80196386e-01,5.61904381e-01,NaN,NaN,NaN,NaN,NaN,NaN,NaN,NaN,NaN,NaN,NaN,NaN,NaN,NaN,NaN,NaN,NaN,NaN,NaN,NaN,NaN,NaN,NaN,NaN,NaN,NaN,NaN,NaN,NaN,NaN,NaN,NaN,NaN,NaN,NaN,NaN,NaN,NaN,-2.00000000e+01
"2015Q2",2.25505500e+05,1.50000000e+00,1.01180000e+02,2.50000000e+00,2.47355188e+06,3.00000000e-01,1.50000000e+00,1.70000000e-01,1.68979581e-01,-3.08096241e+02,4.05465108e+01,1.23260998e+03,1.47211657e+03,5.72084496e+01+3.14159265e+02i,-1.77797740e+02,4.61690111e+02,1.52093870e+02,-1.20912349e+00,6.80000000e-01,8.79800000e+00,1.87034661e+00,7.48170193e+01+0.00000000e+00i,-1.18755773e+02,-2.64001200e+00,-4.52913549e+00,-1.66659633e+00,4.00000000e-01,4.29266000e+00,1.97512081e+00,2.82245182e+02+0.00000000e+00i,-1.67877499e+02,-1.83132000e+00,-3.45134090e+01,2.12657911e+00,1.50912349e+00,2.27438124e+00,-1.47802131e-01,1.54858975e+02,-2.76510508e+00,6.19265521e-01,8.89857969e-01,6.49238307e-01,1.46906971e+00,1.23114091e+03,3.20034712e+00,1.47258571e+03,-4.69141270e-01,1.47307632e+03,-9.59749942e-01,-1.06316432e-01,1.83297477e+00,1.50000000e+00,1.50000000e+00,-1.20912349e+00,1.23260998e+03,-9.59749942e-01,4.61690111e+02,2.50000000e+00,3.00000000e-01,1.12172507e+00,-6.48017685e-01,2.64780213e+00,0.00000000e+00,1.86517468e-14,3.74535415e-01,9.94408638e-01,-5.09824073e-02,1.76555467e-01,2.47724360e+00,-2.20936053e-01,-1.09428700e+00,4.25509544e-02,1.94430917e-01,2.60146918e-01,1.77971594e-01,NaN,NaN,NaN,NaN,NaN,NaN,NaN,NaN,NaN,NaN,NaN,NaN,NaN,NaN,NaN,NaN,NaN,NaN,NaN,NaN,NaN,NaN,NaN,NaN,NaN,NaN,NaN,NaN,NaN,NaN,NaN,NaN,NaN,NaN,NaN,NaN,NaN,NaN,-1.90000000e+01
"2015Q3",2.27374260e+05,1.43000000e+00,1.02380000e+02,2.50000000e+00,2.48407702e+06,3.00000000e-01,1.50000000e+00,2.00000000e-01,2.03212432e-01,-3.07933722e+02,3.57674444e+01,1.23343527e+03,1.47254117e+03,4.75884995e+01+3.14159265e+02i,-1.59350338e+02,4.62869138e+02,1.53505416e+02,6.50075718e-01,-2.80000000e-01,3.30116000e+00,1.69841770e+00,-3.84798004e+01+0.00000000e+00i,7.37896058e+01,4.71610800e+00,5.64618372e+00,-1.20896035e+00,3.30000000e-01,4.32520000e+00,1.93374622e+00,1.39098252e+02+0.00000000e+00i,-1.19998050e+02,-2.82858000e-01,-2.77282448e+01,2.15085734e+00,-3.50075718e-01,2.56989124e+00,-4.19033897e-01,1.55043404e+02,-1.53798823e+00,5.62710639e-01,-9.12786357e-01,7.37716325e-01,1.50355521e+00,1.23193171e+03,3.16321802e+00,1.47297268e+03,-4.31504768e-01,1.47360858e+03,-1.06740391e+00,-1.23429362e-01,9.11741152e-01,1.43000000e+00,1.50000000e+00,6.50075718e-01,1.23343527e+03,-1.06740391e+00,4.62869138e+02,2.50000000e+00,3.00000000e-01,1.40300754e+00,-1.72165139e-02,2.91903390e+00,0.00000000e+00,0.00000000e+00,-6.30019998e-01,1.33601451e+00,-7.45396750e-02,2.04325680e-01,1.85536790e+00,-2.99603956e-01,-1.83934710e-01,4.75806247e-01,1.19738222e-01,6.08253642e-02,-1.82557271e-01,NaN,NaN,NaN,NaN,NaN,NaN,NaN,NaN,NaN,NaN,NaN,NaN,NaN,NaN,NaN,NaN,NaN,NaN,NaN,NaN,NaN,NaN,NaN,NaN,NaN,NaN,NaN,NaN,NaN,NaN,NaN,NaN,NaN,NaN,NaN,NaN,NaN,NaN,-1.80000000e+01
"2015Q4",2.29429970e+05,1.03000000e+00,1.03070000e+02,2.50000000e+00,2.49542839e+06,3.00000000e-01,1.50000000e+00,2.00000000e-01,2.01912477e-01,-3.07933722e+02,2.95588022e+00,1.23433531e+03,1.47299710e+03,4.75884995e+01+3.14159265e+02i,-1.59992096e+02,4.63540837e+02,1.54577115e+02,1.11467985e-15,-1.60000000e+00,3.60016000e+00,1.82369753e+00,0.00000000e+00+0.00000000e+00i,-2.56703107e+00,2.68679600e+00,4.28679600e+00,-9.16290732e-01,-2.00000000e-02,4.64823000e+00,2.02097006e+00,8.42397916e+01+0.00000000e+00i,-9.06749569e+01,4.57044000e-01,1.46388909e+00,2.99062287e+00,3.00000000e-01,2.85853703e+00,1.32085841e-01,1.55248386e+02,-6.71271050e-01,5.30221639e-01,-2.30221639e-01,8.19927264e-01,1.62417448e+00,1.23271114e+03,3.11768292e+00,1.47336679e+03,-3.69687849e-01,1.47416639e+03,-1.16929338e+00,-7.62491488e-01,4.98731783e-01,1.03000000e+00,1.50000000e+00,0.00000000e+00,1.23433531e+03,-1.16929338e+00,4.63540837e+02,2.50000000e+00,3.00000000e-01,1.65837358e+00,4.76451713e-01,2.36791416e+00,0.00000000e+00,-7.10542736e-15,-1.36522926e+00,-8.01420574e-01,-9.03715027e-02,2.15754204e-01,1.89233859e+00,-3.15370252e-01,-4.26522189e-01,5.28044041e-01,1.32493128e-01,1.92280318e-01,-4.60443279e-02,NaN,NaN,NaN,NaN,NaN,NaN,NaN,NaN,NaN,NaN,NaN,NaN,NaN,NaN,NaN,NaN,NaN,NaN,NaN,NaN,NaN,NaN,NaN,NaN,NaN,NaN,NaN,NaN,NaN,NaN,NaN,NaN,NaN,NaN,NaN,NaN,NaN,NaN,-1.70000000e+01
"2016Q1",2.22866380e+05,7.30000000e-01,1.03830000e+02,2.25000000e+00,2.50931372e+06,2.50000000e-01,1.50000000e+00,3.00000000e-01,2.95551336e-01,-3.07528257e+02,-3.14710745e+01,1.23143277e+03,1.47355199e+03,1.85626759e+01+3.14159265e+02i,-1.21891273e+02,4.64275495e+02,1.56017238e+02,1.62186043e+00,-1.20000000e+00,-1.16101600e+01,2.21955343e+00,-1.16103295e+02+0.00000000e+00i,1.52403291e+02,2.93863200e+00,5.76049243e+00,2.65703166e-01,-6.00000000e-01,1.02229000e+00,1.90300382e+00,-1.99415189e+01+0.00000000e+00i,2.62175232e+01,1.92538100e+00,6.21800522e+01,3.06250416e+00,-1.37186043e+00,2.90761145e+00,1.54892710e-01,1.55473587e+02,5.43650794e-01,4.93650089e-01,-1.86551052e+00,9.00805054e-01,-2.05019336e+00,1.23348296e+03,3.08731134e+00,1.47376424e+03,-2.12255609e-01,1.47474621e+03,-1.19422350e+00,-1.70016625e-01,-3.20116873e-01,7.30000000e-01,1.50000000e+00,1.62186043e+00,1.23143277e+03,-1.19422350e+00,4.64275495e+02,2.25000000e+00,2.50000000e-01,1.67931731e+00,-7.53271282e-01,2.09510729e+00,0.00000000e+00,7.10542736e-15,2.04642291e-01,1.34050043e+00,-8.43149920e-02,2.30863243e-01,-2.05261076e+00,-2.58788796e-01,-2.44955216e-01,3.46201822e-01,1.21912778e-01,9.92234485e-02,-4.13102104e-01,NaN,NaN,NaN,NaN,NaN,NaN,NaN,NaN,NaN,NaN,NaN,NaN,NaN,NaN,NaN,NaN,NaN,NaN,NaN,NaN,NaN,NaN,NaN,NaN,NaN,NaN,NaN,NaN,NaN,NaN,NaN,NaN,NaN,NaN,NaN,NaN,NaN,NaN,-1.60000000e+01
"2016Q2",2.25854300e+05,6.00000000e-01,1.03210000e+02,2.25000000e+00,2.51508869e+06,2.50000000e-01,1.50000000e+00,1.70000000e-01,1.67348152e-01,-3.08096241e+02,-5.10825624e+01,1.23276454e+03,1.47378186e+03,5.72084496e+01+3.14159265e+02i,-1.78767889e+02,4.63676575e+02,1.54980334e+02,-2.27193615e+00,-5.20000000e-01,5.32708000e+00,9.19507965e-01,1.54583095e+02+0.00000000e+00i,-2.27506465e+02,-2.39568000e+00,-4.14761615e+00,0.00000000e+00,-9.00000000e-01,1.54560000e-01,1.66529415e+00,0.00000000e+00+0.00000000e+00i,-9.70149770e-01,1.98646400e+00,9.36155371e+01,3.19343066e+00,2.52193615e+00,3.04946360e+00,1.43967066e-01,1.55718375e+02,-7.38041183e-01,4.85510197e-01,2.03642595e+00,9.79151758e-01,-1.49798220e+00,1.23426252e+03,3.11823536e+00,1.47416102e+03,-3.79161444e-01,1.47534375e+03,-1.56188797e+00,-4.53722657e-01,5.47937465e-01,6.00000000e-01,1.50000000e+00,-2.27193615e+00,1.23276454e+03,-1.56188797e+00,4.63676575e+02,2.25000000e+00,2.50000000e-01,1.76663199e+00,-1.11801169e+00,2.10603293e+00,0.00000000e+00,3.55271368e-15,9.40494908e-01,-3.85078449e+00,-2.90937179e-02,2.44507715e-01,8.29029680e-02,-6.06509170e-01,-1.36144069e+00,4.48794441e-01,1.43030125e-01,5.24879745e-01,4.07285191e-01,NaN,NaN,NaN,NaN,NaN,NaN,NaN,NaN,NaN,NaN,NaN,NaN,NaN,NaN,NaN,NaN,NaN,NaN,NaN,NaN,NaN,NaN,NaN,NaN,NaN,NaN,NaN,NaN,NaN,NaN,NaN,NaN,NaN,NaN,NaN,NaN,NaN,NaN,-1.50000000e+01
"2016Q3",2.30369430e+05,8.00000000e-01,1.03420000e+02,2.25000000e+00,2.52699181e+06,2.50000000e-01,1.50000000e+00,1.00000000e-01,1.01734952e-01,-3.08626869e+02,-2.23143551e+01,1.23474395e+03,1.47425401e+03,8.34032445e+01+3.14159265e+02i,-2.28538436e+02,4.63879837e+02,1.54452968e+02,-2.12251300e+00,8.00000000e-01,7.91764000e+00,1.88860802e+00,1.04779180e+02+0.00000000e+00i,-1.99082185e+02,8.13048000e-01,-2.10946500e+00,-6.93147181e-01,-6.30000000e-01,1.30868000e+00,1.71284174e+00,3.58147450e+01+0.00000000e+00i,-6.91880974e+01,1.01069900e+00,5.83993510e+01,2.42035131e+00,2.37251300e+00,2.64269086e+00,-2.22339550e-01,1.55985859e+02,-1.53289099e+00,3.85003806e-01,1.98750919e+00,1.06993421e+00,-3.09174976e-01,1.23505312e+03,3.16241111e+00,1.47455298e+03,-2.98964371e-01,1.47595399e+03,-1.69997239e+00,2.38594753e-01,9.71217214e-01,8.00000000e-01,1.50000000e+00,-2.12251300e+00,1.23474395e+03,-1.69997239e+00,4.63879837e+02,2.25000000e+00,2.50000000e-01,1.38773969e+00,-9.21032981e-01,2.47233955e+00,0.00000000e+00,-7.10542736e-15,1.47707859e+00,-5.86324080e-01,-9.65717189e-03,2.72612804e-01,1.29655086e+00,-4.50462014e-01,-1.03368654e+00,-7.14600172e-02,4.90356483e-02,3.21435062e-01,3.97501839e-01,NaN,NaN,NaN,NaN,NaN,NaN,NaN,NaN,NaN,NaN,NaN,NaN,NaN,NaN,NaN,NaN,NaN,NaN,NaN,NaN,NaN,NaN,NaN,NaN,NaN,NaN,NaN,NaN,NaN,NaN,NaN,NaN,NaN,NaN,NaN,NaN,NaN,NaN,-1.40000000e+01
"2016Q4",2.33388030e+05,1.03000000e+00,1.04900000e+02,2.25000000e+00,2.54596398e+06,2.50000000e-01,1.50000000e+00,1.70000000e-01,1.73545479e-01,-3.08096241e+02,2.95588022e+00,1.23604577e+03,1.47500199e+03,5.72084496e+01+3.14159265e+02i,-1.75131558e+02,4.65300752e+02,1.56174511e+02,2.12251300e+00,9.20000000e-01,5.20728000e+00,2.99190598e+00,-1.04779180e+02+0.00000000e+00i,2.13627509e+02,5.68366000e+00,6.88617300e+00,-1.62518929e-01,-4.22120672e-13,1.71046000e+00,2.00489385e+00,9.61995010e+00+0.00000000e+00i,-1.51394625e+01,1.75991500e+00,1.59739571e+00,1.66773256e+00,-1.87251300e+00,2.13123855e+00,-4.63505986e-01,1.56275512e+02,-1.01000936e-01,2.11690206e-01,-2.08420321e+00,1.15861280e+00,2.00426677e-01,1.23584534e+03,3.16887339e+00,1.47493571e+03,6.62766630e-02,1.47657091e+03,-1.56892306e+00,1.12906975e+00,-7.96412790e-02,1.03000000e+00,1.50000000e+00,2.12251300e+00,1.23604577e+03,-1.56892306e+00,4.65300752e+02,2.25000000e+00,2.50000000e-01,9.78658101e-01,4.97128706e-02,2.71350599e+00,0.00000000e+00,-3.55271368e-15,-3.64843342e-02,3.53916340e+00,-3.85355040e-02,2.88665434e-01,1.05684007e+00,-2.08945148e-01,2.26104350e-01,-2.57494140e-01,-4.38728389e-02,-9.61464640e-02,-4.16840641e-01,NaN,NaN,NaN,NaN,NaN,NaN,NaN,NaN,NaN,NaN,NaN,NaN,NaN,NaN,NaN,NaN,NaN,NaN,NaN,NaN,NaN,NaN,NaN,NaN,NaN,NaN,NaN,NaN,NaN,NaN,NaN,NaN,NaN,NaN,NaN,NaN,NaN,NaN,-1.30000000e+01
"2017Q1",2.31328190e+05,1.33000000e+00,1.05570000e+02,2.25000000e+00,2.56358410e+06,2.50000000e-01,1.50000000e+00,5.00000000e-01,4.91281767e-01,-3.07017431e+02,2.85178942e+01,1.23515927e+03,1.47569169e+03,-3.66512921e+01+3.14159265e+02i,-7.10737453e+01,4.65937424e+02,1.57589993e+02,4.31523865e+00,1.20000000e+00,-3.54600000e+00,2.75878642e+00,-3.75438967e+02+0.00000000e+00i,4.16231253e+02,2.54668800e+00,5.66192665e+00,5.10825624e-01,6.00000000e-01,3.72650000e+00,2.13970210e+00,-5.52139679e+01+0.00000000e+00i,5.08175280e+01,1.66192900e+00,-5.78162137e+01,1.10797258e+00,-4.06523865e+00,1.72042991e+00,-6.12457331e-01,1.56580876e+02,1.00911624e+00,9.34113069e-02,-4.15864996e+00,1.22145794e+00,-1.46594715e+00,1.23662522e+03,3.11949530e+00,1.47530465e+03,3.87035713e-01,1.47718747e+03,-1.49577767e+00,1.64810968e+00,-8.82185391e-01,1.33000000e+00,1.50000000e+00,4.31523865e+00,1.23515927e+03,-1.49577767e+00,4.65937424e+02,2.25000000e+00,2.50000000e-01,6.35852255e-01,-2.28415452e-01,2.86245733e+00,0.00000000e+00,1.06581410e-14,1.02963853e-01,2.33586825e+00,-9.30834138e-02,2.80567693e-01,-1.04484620e+00,-2.40639222e-01,4.28855669e-01,-2.59140929e-01,-2.35008577e-02,-1.53839408e-01,-8.31729991e-01,NaN,NaN,NaN,NaN,NaN,NaN,NaN,NaN,NaN,NaN,NaN,NaN,NaN,NaN,NaN,NaN,NaN,NaN,NaN,NaN,NaN,NaN,NaN,NaN,NaN,NaN,NaN,NaN,NaN,NaN,NaN,NaN,NaN,NaN,NaN,NaN,NaN,NaN,-1.20000000e+01
"2017Q2",2.36926380e+05,1.50000000e+00,1.05010000e+02,2.25000000e+00,2.58416657e+06,2.50000000e-01,1.50000000e+00,9.70000000e-01,9.49130336e-01,-3.06354743e+02,4.05465108e+01,1.23755047e+03,1.47649136e+03,-3.49136695e+02+3.14159265e+02i,-5.22091498e+00,4.65405558e+02,1.57550815e+02,2.65075189e+00,6.80000000e-01,9.56480000e+00,3.19869100e+00,-1.24994161e+03+0.00000000e+00i,2.63411321e+02,-2.12746400e+00,-1.56712110e-01,1.74149763e+00,9.00000000e-01,4.78593000e+00,2.70949786e+00,-4.06345145e+02+0.00000000e+00i,1.73546974e+02,1.72898300e+00,-8.81585919e+01,1.27366642e+00,-2.40075189e+00,1.47901580e+00,-2.05349376e-01,1.56896053e+02,6.54761639e-01,5.76624070e-02,-2.45841430e+00,1.26070630e+00,1.63739930e-01,1.23738673e+03,3.04605170e+00,1.47565525e+03,8.36105820e-01,1.47779559e+03,-1.30423293e+00,1.10533433e+00,-5.10949715e-01,1.50000000e+00,1.50000000e+00,2.65075189e+00,1.23755047e+03,-1.30423293e+00,4.65405558e+02,2.25000000e+00,2.50000000e-01,3.98788346e-01,4.09250784e-01,2.45534938e+00,0.00000000e+00,0.00000000e+00,-6.86759122e-01,-1.08279903e+00,-1.27024540e-01,2.69539954e-01,1.11701510e+00,-1.07610794e-01,-8.44930763e-02,-1.71908133e-01,3.53733614e-02,-6.94413106e-02,-4.91682859e-01,NaN,NaN,NaN,NaN,NaN,NaN,NaN,NaN,NaN,NaN,NaN,NaN,NaN,NaN,NaN,NaN,NaN,NaN,NaN,NaN,NaN,NaN,NaN,NaN,NaN,NaN,NaN,NaN,NaN,NaN,NaN,NaN,NaN,NaN,NaN,NaN,NaN,NaN,-1.10000000e+01
"2017Q3",2.39215500e+05,1.20000000e+00,1.04540000e+02,2.25000000e+00,2.60364026e+06,1.30000000e-01,1.50000000e+00,1.30000000e+00,1.31559361e+00,-3.06061920e+02,1.82321557e+01,1.23851201e+03,1.47724211e+03,-1.33802142e+02+0.00000000e+00i,2.74287977e+01,4.64956977e+02,1.57695057e+02,1.17129389e+00,-1.20000000e+00,3.84616000e+00,3.00300795e+00,8.61338213e+02-1.25663706e+03i,1.30598851e+02,-1.79432400e+00,5.76969890e-01,2.56494936e+00,4.00000000e-01,3.76806000e+00,2.98809784e+00,-2.17205386e+02-3.14159265e+02i,2.55967233e+02,1.07714000e+00,-3.69044208e+01,2.14530557e+00,-1.04129389e+00,1.89042138e+00,2.54884190e-01,1.57218514e+02,4.76542826e-01,2.59587910e-02,-1.06725268e+00,1.28984514e+00,3.93237242e-01,1.23811877e+03,2.92817075e+00,1.47598323e+03,1.25888519e+00,1.47838632e+03,-1.14420360e+00,-2.61222278e-01,-2.42486181e-01,1.20000000e+00,1.50000000e+00,1.17129389e+00,1.23851201e+03,-1.14420360e+00,4.64956977e+02,2.25000000e+00,1.30000000e-01,8.18586475e-01,4.34890034e-01,1.99511581e+00,0.00000000e+00,2.48689958e-14,-1.72095611e+00,-1.23066762e+00,-1.86150605e-01,2.67280100e-01,8.41833809e-01,-1.00817256e-01,-3.88333191e-01,4.32628744e-01,3.22688655e-02,1.95907245e-01,-3.09450536e-01,NaN,NaN,NaN,NaN,NaN,NaN,NaN,NaN,NaN,NaN,NaN,NaN,NaN,NaN,NaN,NaN,NaN,NaN,NaN,NaN,NaN,NaN,NaN,NaN,NaN,NaN,NaN,NaN,NaN,NaN,NaN,NaN,NaN,NaN,NaN,NaN,NaN,NaN,-1.00000000e+01
"2017Q4",2.43779160e+05,1.20000000e+00,1.04880000e+02,2.25000000e+00,2.62440804e+06,1.00000000e-01,1.50000000e+00,1.47000000e+00,1.51072491e+00,-3.05939022e+02,1.82321557e+01,1.24040180e+03,1.47803659e+03,-9.53830616e+01+0.00000000e+00i,4.12589608e+01,4.65281684e+02,1.58142662e+02,4.91592545e-01,-2.32766087e-13,7.55916000e+00,3.17791850e+00,1.53676321e+02+0.00000000e+00i,5.53206525e+01,1.29882800e+00,1.79042055e+00,2.15721924e+00,1.70000000e-01,4.35603000e+00,3.03460097e+00,-1.52591511e+02-3.14159265e+02i,2.16390519e+02,-1.90680000e-02,-1.31381238e+01,2.21246293e+00,-3.91592545e-01,2.03752657e+00,1.74936364e-01,1.57546950e+02,5.95712522e-01,-2.46070577e-02,-3.66985487e-01,1.31374176e+00,1.58620892e+00,1.23881559e+03,2.78727328e+00,1.47628480e+03,1.75179477e+00,1.47894984e+03,-9.13244012e-01,6.70148278e-01,-3.49104878e-01,1.20000000e+00,1.50000000e+00,4.91592545e-01,1.24040180e+03,-9.13244012e-01,4.65281684e+02,2.25000000e+00,1.00000000e-01,9.97140214e-01,1.09096072e+00,2.07506364e+00,0.00000000e+00,0.00000000e+00,-9.35396724e-02,-7.26802567e-01,-2.32743324e-01,2.67865648e-01,1.81619592e+00,2.11886800e-03,-8.19703940e-02,2.50609462e-01,7.06590950e-03,-1.09598246e-02,-9.73970975e-02,NaN,NaN,NaN,NaN,NaN,NaN,NaN,NaN,NaN,NaN,NaN,NaN,NaN,NaN,NaN,NaN,NaN,NaN,NaN,NaN,NaN,NaN,NaN,NaN,NaN,NaN,NaN,NaN,NaN,NaN,NaN,NaN,NaN,NaN,NaN,NaN,NaN,NaN,-9.00000000e+00
"2018Q1",2.39973180e+05,1.00000000e+00,1.04000000e+02,2.25000000e+00,2.62624963e+06,7.00000000e-02,1.50000000e+00,1.43000000e+00,1.41246040e+00,-3.05966610e+02,0.00000000e+00,1.23882824e+03,1.47810674e+03,-1.02813208e+02+0.00000000e+00i,3.45333150e+01,4.64439090e+02,1.57472480e+02,-1.10351826e-01,-8.00000000e-01,-6.29424000e+00,2.80588100e-01,-2.97205854e+01+0.00000000e+00i,-2.69025832e+01,-3.37037600e+00,-2.68072783e+00,1.05082162e+00,-3.30000000e-01,3.66897000e+00,2.41505139e+00,-6.61619159e+01-3.14159265e+02i,1.05607060e+02,-1.49833400e+00,2.80703818e+01,2.83735567e+00,1.80351826e-01,2.33669345e+00,5.00662224e-01,1.57879262e+02,-4.06781820e-01,-7.38352658e-02,2.54187092e-01,1.32924954e+00,-6.43130545e-01,1.23947137e+03,2.62311787e+00,1.47655698e+03,1.54976006e+00,1.47947564e+03,-1.36890200e+00,-3.49422678e-01,4.36823550e-01,1.00000000e+00,1.50000000e+00,-1.10351826e-01,1.23882824e+03,-1.36890200e+00,4.64439090e+02,2.25000000e+00,7.00000000e-02,1.33312908e+00,-5.24956183e-01,1.74933778e+00,0.00000000e+00,7.10542736e-15,-3.97752838e-01,-7.84985862e-01,-2.84180752e-01,2.64256132e-01,-3.19357246e-01,-6.38306790e-01,-1.10561065e+00,4.32092192e-01,-1.70961965e-03,4.06124224e-01,2.68374184e-02,NaN,NaN,NaN,NaN,NaN,NaN,NaN,NaN,NaN,NaN,NaN,NaN,NaN,NaN,NaN,NaN,NaN,NaN,NaN,NaN,NaN,NaN,NaN,NaN,NaN,NaN,NaN,NaN,NaN,NaN,NaN,NaN,NaN,NaN,NaN,NaN,NaN,NaN,-8.00000000e+00
"2018Q2",2.43855110e+05,1.05000000e+00,1.05290000e+02,2.25000000e+00,2.63986339e+06,4.00000000e-02,1.50000000e+00,1.43000000e+00,1.40507038e+00,-3.05966610e+02,4.87901642e+00,1.24043295e+03,1.47862377e+03,-1.02813208e+02+0.00000000e+00i,3.40087394e+01,4.65671845e+02,1.58655235e+02,-5.88821971e-15,2.00000000e-01,6.41884000e+00,2.06813493e+00,0.00000000e+00+0.00000000e+00i,-2.09830270e+00,4.93102000e+00,4.73102000e+00,3.88133652e-01,-4.50000000e-01,2.88248000e+00,2.13241237e+00,2.46323487e+02-3.14159265e+02i,3.92296543e+01,2.66287000e-01,3.63219145e+01,2.22441048e+00,4.00000000e-02,2.48875058e+00,-2.64340108e-01,1.58215960e+02,4.39274740e-01,-2.21645675e-01,2.61645675e-01,1.34679376e+00,3.45027215e-01,1.24008792e+03,2.46620896e+00,1.47679788e+03,1.82589124e+00,1.47995265e+03,-1.32887508e+00,7.02358094e-01,-3.83295658e-01,1.05000000e+00,1.50000000e+00,0.00000000e+00,1.24043295e+03,-1.32887508e+00,4.65671845e+02,2.25000000e+00,4.00000000e-02,1.61896125e+00,3.92150978e-01,2.51434011e+00,0.00000000e+00,-3.55271368e-15,2.02981274e-01,-1.93078539e-01,-3.09765336e-01,2.69394125e-01,1.09384653e+00,-2.33753480e-01,-1.04932030e-01,3.44815828e-01,-1.10137463e-01,3.57964547e-02,2.83291351e-02,NaN,NaN,NaN,NaN,NaN,NaN,NaN,NaN,NaN,NaN,NaN,NaN,NaN,NaN,NaN,NaN,NaN,NaN,NaN,NaN,NaN,NaN,NaN,NaN,NaN,NaN,NaN,NaN,NaN,NaN,NaN,NaN,NaN,NaN,NaN,NaN,NaN,NaN,-7.00000000e+00
"2018Q3",2.46455570e+05,1.20000000e+00,1.08340000e+02,2.25000000e+00,2.64188568e+06,9.60877341e-16,1.50000000e+00,1.57000000e+00,1.56662737e+00,-3.05873209e+02,1.82321557e+01,1.24149370e+03,1.47870035e+03,-7.96120283e+01+0.00000000e+00i,4.48925139e+01,4.68527443e+02,1.61454234e+02,3.73604700e-01,6.00000000e-01,4.24300000e+00,3.06306123e-01,9.28047187e+01+0.00000000e+00i,4.35350982e+01,1.14223920e+01,1.11959967e+01,1.88711355e-01,-5.61162228e-13,2.98169000e+00,1.45823691e+00,5.41901135e+01+0.00000000e+00i,1.74637162e+01,3.57046600e+00,3.75917705e+00,1.82964766e+00,-3.73604700e-01,2.57408162e+00,-7.44433960e-01,1.58552496e+02,2.90173792e+00,-3.76711083e-01,3.10638269e-03,1.34614397e+00,8.38394460e-01,1.24065531e+03,2.26953102e+00,1.47700658e+03,1.69376667e+00,1.48036892e+03,-1.66856841e+00,1.68140936e+00,-2.21140065e+00,1.20000000e+00,1.50000000e+00,3.73604700e-01,1.24149370e+03,-1.66856841e+00,4.68527443e+02,2.25000000e+00,0.00000000e+00,1.85987753e+00,1.87006619e+00,2.99443396e+00,0.00000000e+00,2.13162821e-14,-1.12759684e+00,9.22447000e-02,-3.80916150e-01,2.54708962e-01,9.02300032e-01,-6.05468346e-01,1.16218353e+00,3.08501153e-01,-1.46954542e-01,-2.79529258e-01,-3.13787235e-02,NaN,NaN,NaN,NaN,NaN,NaN,NaN,NaN,NaN,NaN,NaN,NaN,NaN,NaN,NaN,NaN,NaN,NaN,NaN,NaN,NaN,NaN,NaN,NaN,NaN,NaN,NaN,NaN,NaN,NaN,NaN,NaN,NaN,NaN,NaN,NaN,NaN,NaN,-6.00000000e+00
"2018Q4",2.50915480e+05,1.13000000e+00,1.09160000e+02,2.25000000e+00,2.65600188e+06,1.00000000e-02,1.50000000e+00,1.73000000e+00,1.77254042e+00,-3.05776163e+02,1.22217633e+01,1.24328714e+03,1.47923325e+03,-6.01258468e+01+0.00000000e+00i,5.72413781e+01,4.69281470e+02,1.62375307e+02,3.88183157e-01,-2.80000000e-01,7.17376000e+00,2.13160181e+00,7.79447260e+01+0.00000000e+00i,4.93954569e+01,3.01610800e+00,3.68429116e+00,1.62859008e-01,-7.00000000e-02,2.88534000e+00,1.19665774e+00,3.52572148e+01+0.00000000e+00i,1.59824173e+01,3.99978600e+00,1.01730371e+01,1.80694538e+00,-3.78183157e-01,2.10441455e+00,-2.97469175e-01,1.58879983e+02,3.49532424e+00,-4.15755883e-01,3.75727261e-02,1.30994588e+00,2.12317759e+00,1.24116396e+03,2.03462749e+00,1.47718330e+03,2.04994857e+00,1.48071168e+03,-1.47843158e+00,1.25221849e+00,-2.47201062e+00,1.13000000e+00,1.50000000e+00,3.88183157e-01,1.24328714e+03,-1.47843158e+00,4.69281470e+02,2.25000000e+00,1.00000000e-02,1.45821373e+00,2.80925091e+00,2.54746917e+00,0.00000000e+00,0.00000000e+00,-2.54551285e+00,-1.92060603e-01,-4.58477328e-01,2.19030709e-01,1.86088791e+00,-1.43576852e-01,6.96235748e-01,-2.29430743e-01,-6.19470169e-02,-2.72547927e-01,1.55145452e-02,NaN,NaN,NaN,NaN,NaN,NaN,NaN,NaN,NaN,NaN,NaN,NaN,NaN,NaN,NaN,NaN,NaN,NaN,NaN,NaN,NaN,NaN,NaN,NaN,NaN,NaN,NaN,NaN,NaN,NaN,NaN,NaN,NaN,NaN,NaN,NaN,NaN,NaN,-5.00000000e+00
"2019Q1",2.47375570e+05,9.30000000e-01,1.08370000e+02,2.25000000e+00,2.67556536e+06,1.18728063e-15,1.50000000e+00,1.80000000e+00,1.79577041e+00,-3.05736498e+02,-7.25706928e+00,1.24186630e+03,1.47996713e+03,-5.31391212e+01+0.00000000e+00i,5.85434126e+01,4.68555130e+02,1.61888632e+02,1.58661026e-01,-8.00000000e-01,-5.68336000e+00,2.93550724e+00,2.79469026e+01+0.00000000e+00i,5.20813777e+00,-2.90536000e+00,-1.94669897e+00,2.30112221e-01,-7.00000000e-02,3.03806000e+00,1.86038753e+00,4.96740868e+01+0.00000000e+00i,2.40100975e+01,4.11604000e+00,1.16032214e+01,2.22577555e+00,-1.58661026e-01,2.14193290e+00,8.38426507e-02,1.59193752e+02,2.69488074e+00,-4.17433406e-01,2.58772380e-01,1.25507505e+00,2.55402974e-01,1.24161090e+03,1.78773846e+00,1.47732931e+03,2.63781185e+00,1.48096713e+03,-1.00000000e+00,5.76897804e-01,-1.80568925e+00,9.30000000e-01,1.50000000e+00,1.58661026e-01,1.24186630e+03,-1.00000000e+00,4.68555130e+02,2.25000000e+00,0.00000000e+00,1.54130627e+00,1.47514186e+00,2.16615735e+00,0.00000000e+00,1.24344979e-14,-1.60033005e+00,-4.33245500e-01,-5.17443533e-01,1.93118339e-01,-4.44488854e-01,1.82745264e-01,-1.64060144e-01,1.83821256e-01,-3.23886994e-02,5.67347355e-02,4.37544760e-02,NaN,NaN,NaN,NaN,NaN,NaN,NaN,NaN,NaN,NaN,NaN,NaN,NaN,NaN,NaN,NaN,NaN,NaN,NaN,NaN,NaN,NaN,NaN,NaN,NaN,NaN,NaN,NaN,NaN,NaN,NaN,NaN,NaN,NaN,NaN,NaN,NaN,NaN,-4.00000000e+00
"2019Q2",2.50224240e+05,6.00000000e-01,1.08810000e+02,2.25000000e+00,2.68235359e+06,-5.19664341e-16,1.50000000e+00,1.77000000e+00,1.75782010e+00,-3.05753305e+02,-5.10825624e+01,1.24301128e+03,1.48022052e+03,-5.60401890e+01+0.00000000e+00i,5.64074460e+01,4.68960324e+02,1.62607019e+02,-6.72284733e-02,-1.32000000e+00,4.57992000e+00,1.01356272e+00,-1.16042714e+01+0.00000000e+00i,-8.54386643e+00,1.62077600e+00,2.87354753e+00,2.13305102e-01,-4.50000000e-01,2.57833000e+00,1.59674447e+00,4.67730190e+01+0.00000000e+00i,2.23987066e+01,3.28847900e+00,5.94633633e+01,2.73215837e+00,6.72284733e-02,2.44801723e+00,2.84141144e-01,1.59493602e+02,3.11341678e+00,-4.55777997e-01,5.23006470e-01,1.19940334e+00,1.00080270e+00,1.24201048e+03,1.59832111e+00,1.47744718e+03,2.77333529e+00,1.48112052e+03,-9.00000000e-01,4.71366503e-01,-2.02619825e+00,6.00000000e-01,1.50000000e+00,-6.72284733e-02,1.24301128e+03,-9.00000000e-01,4.68960324e+02,2.25000000e+00,0.00000000e+00,1.93027256e+00,2.05710974e+00,1.96585886e+00,0.00000000e+00,1.24344979e-14,-2.05710147e+00,-4.75517294e-01,-5.09349652e-01,1.81343303e-01,7.63768300e-01,-1.00000000e-01,2.30669762e-01,4.59890912e-01,-6.93912720e-02,1.06711912e-02,1.04601294e-01,NaN,NaN,NaN,NaN,NaN,NaN,NaN,NaN,NaN,NaN,NaN,NaN,NaN,NaN,NaN,NaN,NaN,NaN,NaN,NaN,NaN,NaN,NaN,NaN,NaN,NaN,NaN,NaN,NaN,NaN,NaN,NaN,NaN,NaN,NaN,NaN,NaN,NaN,-3.00000000e+00
"2019Q3",2.52410680e+05,5.70000000e-01,1.10000000e+02,2.25000000e+00,2.68852994e+06,4.74337747e-17,1.50000000e+00,1.50000000e+00,1.47422456e+00,-3.05918819e+02,-5.62118918e+01,1.24388127e+03,1.48045051e+03,-9.02720456e+01+0.00000000e+00i,3.88132132e+01,4.70048037e+02,1.63559218e+02,-6.62057754e-01,-1.20000000e-01,3.47996000e+00,9.19975671e-01,-1.36927426e+02+0.00000000e+00i,-7.03769312e+01,4.35085200e+00,3.80879425e+00,-4.56105113e-02,-6.30000000e-01,2.38757000e+00,1.75016186e+00,-1.06600173e+01+0.00000000e+00i,-6.07930075e+00,1.52059400e+00,7.59190305e+01,2.46218675e+00,6.62057754e-01,2.44157956e+00,2.06071901e-02,1.59778010e+02,3.78120806e+00,-4.87288779e-01,1.14934653e+00,1.13762914e+00,1.50734081e+00,1.24237393e+03,1.45380753e+00,1.47754111e+03,2.90940089e+00,1.48175051e+03,-1.30000000e+00,1.39125301e+00,-2.56462718e+00,5.70000000e-01,1.50000000e+00,-6.62057754e-01,1.24388127e+03,-1.30000000e+00,4.70048037e+02,2.25000000e+00,0.00000000e+00,2.00476503e+00,2.64427444e+00,2.22939281e+00,0.00000000e+00,3.55271368e-15,-1.20663842e+00,-8.89634975e-01,-5.02329364e-01,1.64106464e-01,1.07770382e+00,-5.80000000e-01,6.81785531e-01,2.08585772e-01,-7.02263819e-02,-1.64261751e-01,2.29869307e-01,NaN,NaN,NaN,NaN,NaN,NaN,NaN,NaN,NaN,NaN,NaN,NaN,NaN,NaN,NaN,NaN,NaN,NaN,NaN,NaN,NaN,NaN,NaN,NaN,NaN,NaN,NaN,NaN,NaN,NaN,NaN,NaN,NaN,NaN,NaN,NaN,NaN,NaN,-2.00000000e+00
"2019Q4",2.56777890e+05,3.00000000e-01,1.10100000e+02,2.25000000e+00,2.68659702e+06,-1.49292199e-15,1.50000000e+00,1.23000000e+00,1.24657790e+00,-3.06117270e+02,-1.20397280e+02,1.24559667e+03,1.48037859e+03,-1.57496804e+02+0.00000000e+00i,2.20402118e+01,4.70138904e+02,1.63721634e+02,-7.93803755e-01,-1.08000000e+00,6.86160000e+00,-2.87683636e-01,-2.68899032e+02+0.00000000e+00i,-6.70920054e+01,3.63468000e-01,6.49664245e-01,-3.41107239e-01,-8.30000000e-01,2.30953000e+00,1.14534050e+00,-9.73709569e+01+0.00000000e+00i,-3.52011663e+01,8.57434000e-01,1.33135371e+02,2.70485712e+00,7.93803755e-01,2.15754367e+00,5.47313452e-01,1.60044727e+02,3.67690664e+00,-4.69453393e-01,1.26325715e+00,1.06686994e+00,2.87932694e+00,1.24271734e+03,1.37365550e+00,1.47761704e+03,2.76154990e+00,1.48197859e+03,-1.60000000e+00,7.00571519e-01,-2.32515621e+00,3.00000000e-01,1.50000000e+00,-7.93803755e-01,1.24559667e+03,-1.60000000e+00,4.70138904e+02,2.25000000e+00,0.00000000e+00,1.75950111e+00,3.27811679e+00,1.70268655e+00,0.00000000e+00,0.00000000e+00,-2.92728700e+00,-5.45517552e-01,-4.66870524e-01,1.42766630e-01,2.51450443e+00,-5.60000000e-01,3.74897440e-01,-7.02999772e-02,-2.71823693e-02,-9.62626398e-02,2.52651430e-01,NaN,NaN,NaN,NaN,NaN,NaN,NaN,NaN,NaN,NaN,NaN,NaN,NaN,NaN,NaN,NaN,NaN,NaN,NaN,NaN,NaN,NaN,NaN,NaN,NaN,NaN,NaN,NaN,NaN,NaN,NaN,NaN,NaN,NaN,NaN,NaN,NaN,NaN,-1.00000000e+00
"2020Q1",2.49490910e+05,6.70000000e-01,1.10740000e+02,2.00000000e+00,2.59172689e+06,1.80029007e-15,1.50000000e+00,1.17000000e+00,1.18425651e+00,-3.06167281e+02,-4.00477567e+01,1.24271778e+03,1.47678350e+03,-1.85148560e+02+0.00000000e+00i,1.69115159e+01,4.70718511e+02,1.63881230e+02,-2.00041682e-01,1.48000000e+00,-1.15155600e+01,-1.43803752e+01,-1.10607024e+02+0.00000000e+00i,-2.05147837e+01,2.31842800e+00,6.38386318e-01,-4.30782916e-01,-2.60000000e-01,8.51480000e-01,-3.18363011e+00,-1.32009438e+02+0.00000000e+00i,-4.16318967e+01,2.16338100e+00,3.45232858e+01,1.37796611e+00,2.00041682e-01,1.91476573e+00,-5.36799621e-01,1.60293636e+02,3.58759487e+00,-4.48907080e-01,6.48948762e-01,9.95633397e-01,-3.45346915e-01,1.24306313e+03,1.38313542e+00,1.47768273e+03,-8.99234837e-01,1.47878350e+03,-2.00000000e+00,2.20813555e+00,-2.61134039e+00,6.70000000e-01,1.50000000e+00,-2.00041682e-01,1.24271778e+03,-2.00000000e+00,4.70718511e+02,2.00000000e+00,0.00000000e+00,1.55316610e+00,1.62112398e+00,2.53679962e+00,0.00000000e+00,1.06581410e-14,4.34183792e-01,1.53641322e-01,-3.93268980e-01,1.28137446e-01,-1.02134038e+00,-7.20000000e-01,5.67446961e-01,-8.58492012e-02,-2.09043657e-02,-3.94225115e-01,1.29789752e-01,NaN,NaN,NaN,NaN,NaN,NaN,NaN,NaN,NaN,NaN,NaN,NaN,NaN,NaN,NaN,NaN,NaN,NaN,NaN,NaN,NaN,NaN,NaN,NaN,NaN,NaN,NaN,NaN,NaN,NaN,NaN,NaN,NaN,NaN,NaN,NaN,NaN,NaN,0.00000000e+00
"2020Q2",2.14788020e+05,8.00000000e-01,1.10100000e+02,1.50000000e+00,2.28938444e+06,4.06383563e-15,1.50000000e+00,9.00000000e-01,9.05741437e-01,-3.06429645e+02,-2.23143551e+01,1.22774069e+03,1.46437935e+03,-2.25036733e+02+3.14159265e+02i,-9.90014034e+00,4.70138904e+02,1.62909259e+02,-1.04945706e+00,5.20000000e-01,-5.99083600e+01,-4.96165714e+01,-1.59552692e+02+1.25663706e+03i,-1.07246625e+02,-2.31842800e+00,-3.88788506e+00,-6.76340062e-01,2.00000000e-01,-1.52705900e+01,-1.58411636e+01,-1.68996544e+02+3.14159265e+02i,-6.63075863e+01,1.17858000e+00,-2.82659671e+01,1.17948276e+00,1.04945706e+00,3.09847297e+00,-1.91899021e+00,1.60525300e+02,2.38395909e+00,-4.09155717e-01,1.45861278e+00,9.26658056e-01,-1.57153320e+01,1.24345602e+03,1.57158040e+00,1.47774767e+03,-1.33683145e+01,1.46647935e+03,-2.10000000e+00,3.62068960e-01,-2.23516905e+00,8.00000000e-01,1.50000000e+00,-1.04945706e+00,1.22774069e+03,-2.10000000e+00,4.70138904e+02,1.50000000e+00,0.00000000e+00,2.75230224e+00,-6.66568646e+00,3.41899021e+00,0.00000000e+00,-1.77635684e-15,2.82001565e+00,-1.17078371e+00,-2.12407938e-01,1.16151338e-01,-1.52288252e+01,-5.00000000e-01,-1.40468349e+00,1.29208038e+00,2.40994731e-03,7.39224672e-01,2.91722555e-01,NaN,NaN,NaN,NaN,NaN,NaN,NaN,NaN,NaN,NaN,NaN,NaN,NaN,NaN,NaN,NaN,NaN,NaN,NaN,NaN,NaN,NaN,NaN,NaN,NaN,NaN,NaN,NaN,NaN,NaN,NaN,NaN,NaN,NaN,NaN,NaN,NaN,NaN,1.00000000e+00
"2020Q3",2.35557970e+05,5.30000000e-01,1.11840000e+02,1.50000000e+00,2.58283174e+06,1.79725543e-16,1.50000000e+00,7.00000000e-01,6.78175916e-01,-3.06680959e+02,-6.34878272e+01,1.23697123e+03,1.47643969e+03,-1.03093043e+02+3.14159265e+02i,-3.88348561e+01,4.71706928e+02,1.64495969e+02,-1.00525771e+00,-1.08000000e+00,3.69221600e+01,4.82413571e+01,4.87774758e+02+0.00000000e+00i,-1.15738863e+02,6.27209600e+00,6.34683829e+00,-7.62140052e-01,-4.00000000e-02,-6.91004000e+00,-4.01081828e+00,-1.28209977e+01+3.14159265e+02i,-7.76480693e+01,1.65889100e+00,8.17268665e+00,1.15889946e+00,1.00525771e+00,3.39011094e+00,-2.23121148e+00,1.60745925e+02,3.75004387e+00,-4.71917200e-01,1.47717491e+00,8.82499168e-01,-6.99594726e+00,1.24396718e+03,2.04462098e+00,1.47782077e+03,-1.38108099e+00,1.47873969e+03,-2.30000000e+00,4.44402163e-01,-3.26401750e+00,5.30000000e-01,1.50000000e+00,-1.00525771e+00,1.23697123e+03,-2.30000000e+00,4.71706928e+02,1.50000000e+00,0.00000000e+00,3.14202880e+00,-1.62295170e+00,3.73121148e+00,0.00000000e+00,1.77635684e-15,-7.58285017e-01,-4.47052062e-01,1.09876668e-01,1.27172724e-01,-1.95339959e+00,-6.20000000e-01,-2.62544750e-01,6.36752562e-01,-9.21526268e-02,2.43405657e-01,2.95434982e-01,NaN,NaN,NaN,NaN,NaN,NaN,NaN,NaN,NaN,NaN,NaN,NaN,NaN,NaN,NaN,NaN,NaN,NaN,NaN,NaN,NaN,NaN,NaN,NaN,NaN,NaN,NaN,NaN,NaN,NaN,NaN,NaN,NaN,NaN,NaN,NaN,NaN,NaN,2.00000000e+00
"2020Q4",2.43591750e+05,2.30000000e-01,1.12970000e+02,1.50000000e+00,2.57244021e+06,1.11822125e-15,1.50000000e+00,4.00000000e-01,4.02383698e-01,-3.07240575e+02,-1.46967597e+02,1.24032489e+03,1.47603655e+03,-8.74215718e+00+3.14159265e+02i,-9.10349173e+01,4.72712230e+02,1.65241655e+02,-2.23846315e+00,-1.20000000e+00,1.34146400e+01,-1.61256968e+00,3.77403545e+02+0.00000000e+00i,-2.08800245e+02,4.02120800e+00,2.98274485e+00,-1.12330490e+00,-7.00000000e-02,-5.27178000e+00,-4.34203980e+00,1.48754647e+02+3.14159265e+02i,-1.13075129e+02,2.57332600e+00,2.80203370e+01,1.81867545e+00,2.23846315e+00,2.99866356e+00,-1.17998812e+00,1.60955962e+02,4.28569315e+00,-5.65098470e-01,2.80356162e+00,8.40147715e-01,-4.25793741e+00,1.24458283e+03,2.46260061e+00,1.47790262e+03,-1.86606590e+00,1.47873655e+03,-2.70000000e+00,4.85298206e-01,-3.29186754e+00,2.30000000e-01,1.50000000e+00,-2.23846315e+00,1.24032489e+03,-2.70000000e+00,4.72712230e+02,1.50000000e+00,0.00000000e+00,2.87764386e+00,1.38778698e-02,2.67998812e+00,0.00000000e+00,5.32907052e-15,-7.53058217e-01,-1.71561698e+00,1.49423819e-01,1.20148380e-01,-1.72675402e+00,-8.60000000e-01,-2.59436222e-01,1.19948154e-02,-1.35124710e-01,2.18427176e-01,5.60712324e-01,NaN,NaN,NaN,NaN,NaN,NaN,NaN,NaN,NaN,NaN,NaN,NaN,NaN,NaN,NaN,NaN,NaN,NaN,NaN,NaN,NaN,NaN,NaN,NaN,NaN,NaN,NaN,NaN,NaN,NaN,NaN,NaN,NaN,NaN,NaN,NaN,NaN,NaN,3.00000000e+00
"2021Q1",2.51866730e+05,5.00000000e-01,1.13440000e+02,1.50000000e+00,2.56932495e+06,8.46776370e-16,1.50000000e+00,2.00000000e-01,2.03991179e-01,-3.07933722e+02,-6.93147181e+01,1.24366554e+03,1.47591538e+03,4.75884995e+01+3.14159265e+02i,-1.58967852e+02,4.73127406e+02,1.64693684e+02,-2.77258872e+00,1.08000000e+00,1.33626000e+01,-4.84698975e-01,2.25322627e+02+0.00000000e+00i,-2.71731741e+02,1.66070400e+00,-2.19188472e+00,-1.76644166e+00,-1.70000000e-01,9.47760000e-01,-8.68120739e-01,2.32737059e+02+3.14159265e+02i,-1.75879368e+02,2.40889500e+00,2.99094149e+01,1.36775667e+00,2.77258872e+00,2.04475943e+00,-6.77002754e-01,1.61155246e+02,3.53843795e+00,-7.03521970e-01,3.47611069e+00,7.97136106e-01,-1.61944815e+00,1.24528499e+03,2.80864294e+00,1.47799290e+03,-2.07752453e+00,1.47891538e+03,-3.00000000e+00,1.72897330e+00,-2.62277868e+00,5.00000000e-01,1.50000000e+00,-2.77258872e+00,1.24366554e+03,-3.00000000e+00,4.73127406e+02,1.50000000e+00,0.00000000e+00,2.09657251e+00,9.59494899e-01,2.17700275e+00,0.00000000e+00,-1.77635684e-15,6.28663230e-01,-1.26317820e+00,1.61082458e-01,1.11017934e-01,4.13678845e-01,-8.40000000e-01,-1.97268530e-01,-6.28751422e-01,-1.99003194e-01,2.40674677e-02,6.95222138e-01,NaN,NaN,NaN,NaN,NaN,NaN,NaN,NaN,NaN,NaN,NaN,NaN,NaN,NaN,NaN,NaN,NaN,NaN,NaN,NaN,NaN,NaN,NaN,NaN,NaN,NaN,NaN,NaN,NaN,NaN,NaN,NaN,NaN,NaN,NaN,NaN,NaN,NaN,4.00000000e+00
"2021Q2",2.47494850e+05,9.30000000e-01,1.14550000e+02,1.50000000e+00,2.62486731e+06,1.26611058e-15,1.50000000e+00,5.00000000e-01,5.06134258e-01,-3.07017431e+02,-7.25706928e+00,1.24191451e+03,1.47805409e+03,-3.66512921e+01+3.14159265e+02i,-6.80953312e+01,4.74101141e+02,1.66153710e+02,3.66516293e+00,1.72000000e+00,-7.00412000e+00,8.55485886e+00,-3.36959166e+02+0.00000000e+00i,3.63490085e+02,3.89494000e+00,5.84010293e+00,-5.87786665e-01,1.30000000e-01,1.41738200e+01,1.36747368e+01,1.88385441e+02+0.00000000e+00i,-5.81951909e+01,3.96223700e+00,-1.16828360e+01,3.91273258e-01,-3.66516293e+00,1.28078029e+00,-8.89507031e-01,1.61342970e+02,4.81073957e+00,-9.03766939e-01,-2.76139599e+00,7.50896425e-01,-4.13432165e+00,1.24604883e+03,3.05537401e+00,1.47809016e+03,-3.60734600e-02,1.48125409e+03,-3.20000000e+00,2.83490697e+00,-3.55594516e+00,9.30000000e-01,1.50000000e+00,3.66516293e+00,1.24191451e+03,-3.20000000e+00,4.74101141e+02,1.50000000e+00,0.00000000e+00,1.56983009e+00,3.38208960e-01,2.38950703e+00,0.00000000e+00,2.13162821e-14,-2.31067268e-01,5.60187391e+00,1.30979657e-01,9.91875404e-02,-3.09907627e+00,-8.00000000e-01,9.23120734e-01,-6.29607254e-01,-2.88509363e-01,-2.26884754e-01,-5.52279198e-01,NaN,NaN,NaN,NaN,NaN,NaN,NaN,NaN,NaN,NaN,NaN,NaN,NaN,NaN,NaN,NaN,NaN,NaN,NaN,NaN,NaN,NaN,NaN,NaN,NaN,NaN,NaN,NaN,NaN,NaN,NaN,NaN,NaN,NaN,NaN,NaN,NaN,NaN,5.00000000e+00
"2021Q3",2.53881660e+05,1.90000000e+00,1.15510000e+02,1.50000000e+00,2.68568490e+06,-1.17931021e-15,1.50000000e+00,1.10000000e+00,1.05855614e+00,-3.06228974e+02,6.41853886e+01,1.24446235e+03,1.48034463e+03,-2.35061866e+02+0.00000000e+00i,5.69058451e+00,4.74935711e+02,1.66806737e+02,3.15382944e+00,3.88000000e+00,1.01913600e+01,9.16217321e+00,-7.93642294e+02-1.25663706e+03i,2.95143663e+02,3.33828000e+00,2.61210944e+00,4.51985124e-01,1.37000000e+00,7.49112000e+00,3.90494085e+00,-1.31968822e+02-3.14159265e+02i,4.45254406e+01,3.22878300e+00,-1.23992448e+02,-1.22517041e+00,-3.15382944e+00,2.75007573e-01,-1.50017798e+00,1.61513563e+02,5.29317400e+00,-1.02140635e+00,-2.13242309e+00,6.82371734e-01,-2.39503587e+00,1.24685739e+03,3.23421689e+00,1.47819165e+03,2.15298654e+00,1.48374463e+03,-3.40000000e+00,4.22068164e+00,-4.07941527e+00,1.90000000e+00,1.50000000e+00,3.15382944e+00,1.24446235e+03,-3.40000000e+00,4.74935711e+02,1.50000000e+00,0.00000000e+00,7.36516532e-01,1.44906906e+00,3.00017798e+00,0.00000000e+00,1.24344979e-14,4.35192812e-01,-5.96609040e-02,1.12437683e-01,6.76545938e-02,-6.37220744e-01,-8.40000000e-01,1.54020631e+00,-1.02419666e+00,-2.45952794e-01,-5.61266078e-01,-4.26484619e-01,NaN,NaN,NaN,NaN,NaN,NaN,NaN,NaN,NaN,NaN,NaN,NaN,NaN,NaN,NaN,NaN,NaN,NaN,NaN,NaN,NaN,NaN,NaN,NaN,NaN,NaN,NaN,NaN,NaN,NaN,NaN,NaN,NaN,NaN,NaN,NaN,NaN,NaN,6.00000000e+00
"2021Q4",2.59741840e+05,3.33000000e+00,1.16450000e+02,1.50000000e+00,2.69238516e+06,-4.09431341e-16,1.50000000e+00,2.17000000e+00,2.18350287e+00,-3.05549557e+02,1.20297230e+02,1.24674435e+03,1.48059380e+03,-2.55244353e+01+0.00000000e+00i,7.80930410e+01,4.75746200e+02,1.66866643e+02,2.71766795e+00,5.72000000e+00,9.12800000e+00,9.96679239e-01,8.38149721e+02+0.00000000e+00i,2.89609826e+02,3.24195600e+00,2.39623950e-01,1.69101790e+00,3.10000000e+00,6.41946000e+00,4.55725309e+00,-1.67822782e+01-3.14159265e+02i,1.69127958e+02,3.03397000e+00,-2.62539840e+02,-2.64504280e+00,-2.71766795e+00,-4.40716947e-01,-2.20432585e+00,1.61661773e+02,5.20486999e+00,-1.01619442e+00,-1.70147353e+00,5.92839983e-01,-9.42305244e-01,1.24768666e+03,3.31707748e+00,1.47829457e+03,2.29923602e+00,1.48419380e+03,-3.60000000e+00,5.26017121e+00,-4.24469587e+00,3.33000000e+00,1.50000000e+00,2.71766795e+00,1.24674435e+03,-3.60000000e+00,4.75746200e+02,1.50000000e+00,0.00000000e+00,8.72054835e-02,2.13128237e+00,3.70432585e+00,0.00000000e+00,2.99760217e-14,2.22290331e-01,-8.67556020e-02,5.22239668e-02,3.29425962e-02,3.26747117e-01,-8.80000000e-01,1.97706783e+00,-9.35303006e-01,-1.46629341e-01,-8.36967170e-01,-3.40294707e-01,NaN,NaN,NaN,NaN,NaN,NaN,NaN,NaN,NaN,NaN,NaN,NaN,NaN,NaN,NaN,NaN,NaN,NaN,NaN,NaN,NaN,NaN,NaN,NaN,NaN,NaN,NaN,NaN,NaN,NaN,NaN,NaN,NaN,NaN,NaN,NaN,NaN,NaN,7.00000000e+00